/*
 Navicat Premium Data Transfer

 Source Server         : local
 Source Server Type    : MySQL
 Source Server Version : 80030
 Source Host           : localhost:3306
 Source Schema         : mountainsautomation

 Target Server Type    : MySQL
 Target Server Version : 80030
 File Encoding         : 65001

 Date: 15/12/2022 17:52:38
*/

SET NAMES utf8mb4;
SET FOREIGN_KEY_CHECKS = 0;

-- ----------------------------
-- Table structure for app_urlresults
-- ----------------------------
DROP TABLE IF EXISTS `app_urlresults`;
CREATE TABLE `app_urlresults`  (
  `id` bigint NOT NULL AUTO_INCREMENT,
  `date_created` datetime(6) NOT NULL,
  `url_id` bigint NOT NULL,
  `address` longtext CHARACTER SET utf8mb4 COLLATE utf8mb4_0900_ai_ci NULL,
  `applicant` longtext CHARACTER SET utf8mb4 COLLATE utf8mb4_0900_ai_ci NULL,
  `city` longtext CHARACTER SET utf8mb4 COLLATE utf8mb4_0900_ai_ci NULL,
  `date` longtext CHARACTER SET utf8mb4 COLLATE utf8mb4_0900_ai_ci NULL,
  `description` longtext CHARACTER SET utf8mb4 COLLATE utf8mb4_0900_ai_ci NULL,
  `existing_solar_system` longtext CHARACTER SET utf8mb4 COLLATE utf8mb4_0900_ai_ci NULL,
  `job_value` longtext CHARACTER SET utf8mb4 COLLATE utf8mb4_0900_ai_ci NULL,
  `kw` longtext CHARACTER SET utf8mb4 COLLATE utf8mb4_0900_ai_ci NULL,
  `name` longtext CHARACTER SET utf8mb4 COLLATE utf8mb4_0900_ai_ci NULL,
  `panel_upgrade` longtext CHARACTER SET utf8mb4 COLLATE utf8mb4_0900_ai_ci NULL,
  `state` longtext CHARACTER SET utf8mb4 COLLATE utf8mb4_0900_ai_ci NULL,
  `status` longtext CHARACTER SET utf8mb4 COLLATE utf8mb4_0900_ai_ci NULL,
  `total_cost` longtext CHARACTER SET utf8mb4 COLLATE utf8mb4_0900_ai_ci NULL,
  `utility_information` longtext CHARACTER SET utf8mb4 COLLATE utf8mb4_0900_ai_ci NULL,
  `zip` longtext CHARACTER SET utf8mb4 COLLATE utf8mb4_0900_ai_ci NULL,
  `record_id` varchar(255) CHARACTER SET utf8mb4 COLLATE utf8mb4_0900_ai_ci NULL DEFAULT NULL,
  `owner` longtext CHARACTER SET utf8mb4 COLLATE utf8mb4_0900_ai_ci NULL,
  PRIMARY KEY (`id`) USING BTREE,
  INDEX `app_urlresults_url_id_915b1b51_fk_app_urls_id`(`url_id`) USING BTREE,
  CONSTRAINT `app_urlresults_url_id_915b1b51_fk_app_urls_id` FOREIGN KEY (`url_id`) REFERENCES `app_urls` (`id`) ON DELETE RESTRICT ON UPDATE RESTRICT
) ENGINE = InnoDB AUTO_INCREMENT = 1 CHARACTER SET = utf8mb4 COLLATE = utf8mb4_0900_ai_ci ROW_FORMAT = Dynamic;

-- ----------------------------
-- Records of app_urlresults
-- ----------------------------
INSERT INTO `app_urlresults` VALUES (16, '2022-12-15 08:44:03.627447', 30, '7332, S Alton Way ste 13K', 'William Clay', 'Centennial,', '2022-12-13', NULL, NULL, NULL, NULL, '', NULL, 'CO,', 'Active', NULL, NULL, '80112', 'GEN22-0168', NULL);
INSERT INTO `app_urlresults` VALUES (17, '2022-12-15 08:44:07.529600', 30, '7332, S Alton Way ste 13K', 'David Mechtly', 'Centennial,', '2022-12-08', NULL, NULL, NULL, NULL, '', NULL, 'CO,', 'Active', NULL, NULL, '80112', 'ELE22-0081', NULL);
INSERT INTO `app_urlresults` VALUES (18, '2022-12-15 08:44:10.995493', 30, '614 10th st', 'Mark Ball', 'Golden,', '2022-12-06', NULL, NULL, NULL, NULL, '', NULL, 'CO,', 'Active', NULL, NULL, '80401-1021', 'ELE22-0042', NULL);
INSERT INTO `app_urlresults` VALUES (19, '2022-12-15 08:44:11.514284', 12, '4220 STONERIDGE DR', NULL, ' FORT COLLINS', '2022-12-12', NULL, NULL, NULL, NULL, '', NULL, 'CO', 'Applied', NULL, NULL, '80525', 'B2208874', NULL);
INSERT INTO `app_urlresults` VALUES (20, '2022-12-15 08:44:11.562369', 12, '4015 CELTIC LN', NULL, ' FORT COLLINS', '2022-12-12', NULL, NULL, NULL, NULL, '', NULL, 'CO', 'Applied', NULL, NULL, '80524', 'B2208875', NULL);
INSERT INTO `app_urlresults` VALUES (21, '2022-12-15 08:44:11.789372', 12, '712 ALTA VISTA ST', NULL, ' FORT COLLINS', '2022-12-08', NULL, NULL, NULL, NULL, '', NULL, 'CO', 'Routed for Review', NULL, NULL, '80524', 'B2208796', NULL);
INSERT INTO `app_urlresults` VALUES (22, '2022-12-15 08:44:11.835445', 12, '4908 CLARENDON HILLS DR', NULL, ' FORT COLLINS', '2022-12-08', NULL, NULL, NULL, NULL, '', NULL, 'CO', 'Applied', NULL, NULL, '80526', 'B2208795', NULL);
INSERT INTO `app_urlresults` VALUES (23, '2022-12-15 08:44:11.881564', 12, '7211 HOUSMER PARK DR', NULL, ' FORT COLLINS', '2022-12-07', NULL, NULL, NULL, NULL, '', NULL, 'CO', 'Applied', NULL, NULL, '80525', 'B2208763', NULL);
INSERT INTO `app_urlresults` VALUES (24, '2022-12-15 08:44:11.929674', 12, '2502 DALLAS CREEK CT', NULL, ' FORT COLLINS', '2022-12-06', NULL, NULL, NULL, NULL, '', NULL, 'CO', 'Applied', NULL, NULL, '80528', 'B2208730', NULL);
INSERT INTO `app_urlresults` VALUES (25, '2022-12-15 08:44:12.540144', 8, '2107 HARRIET DR', NULL, ' Tallahassee', '2022-12-14', NULL, NULL, NULL, NULL, 'Meraki Installers', NULL, 'FL', 'Plans Review', NULL, NULL, '32303', 'LB2202187', NULL);
INSERT INTO `app_urlresults` VALUES (26, '2022-12-15 08:44:12.587274', 8, '2724 OAK RIDGE RD', NULL, ' Tallahassee', '2022-12-13', NULL, NULL, NULL, NULL, 'BRS FIELD OPS LLC', NULL, 'FL', 'Plans Review', NULL, NULL, '32305', 'LB2202186', NULL);
INSERT INTO `app_urlresults` VALUES (27, '2022-12-15 08:44:12.631345', 8, '4982 BRANDED OAKS CT', NULL, ' Tallahassee', '2022-12-12', NULL, NULL, NULL, NULL, 'ADT Solar LLC', NULL, 'FL', 'Received', NULL, NULL, '32311', 'LB2202179', NULL);
INSERT INTO `app_urlresults` VALUES (28, '2022-12-15 08:44:12.676969', 8, '7144 ATASCADERO LN', NULL, ' Tallahassee', '2022-12-08', NULL, NULL, NULL, NULL, 'MERAKI INSTALLERS', NULL, 'FL', 'Issued', NULL, NULL, '32317', 'LB2202170', NULL);
INSERT INTO `app_urlresults` VALUES (29, '2022-12-15 08:44:12.691497', 4, '4 OVERBROOK RD', NULL, 'LOUISVILLE', '12/14/2022', NULL, NULL, NULL, NULL, NULL, NULL, 'KY', '', NULL, NULL, '40207', 'BLD-ELE-22-03094', 'VERMEIL LLC *');
INSERT INTO `app_urlresults` VALUES (30, '2022-12-15 08:44:12.725062', 8, '9600 MICCOSUKEE RD', NULL, ' Tallahassee', '2022-12-08', NULL, NULL, NULL, NULL, 'ADT SOLAR LLC', NULL, 'FL', 'Approved Notified', NULL, NULL, '32309', 'LB2202168', NULL);
INSERT INTO `app_urlresults` VALUES (31, '2022-12-15 08:44:12.775158', 8, '3173 WHIRLAWAY TRL', NULL, ' Tallahassee', '2022-12-05', NULL, NULL, NULL, NULL, 'MERAKI INSTALLERS', NULL, 'FL', 'Issued', NULL, NULL, '32309', 'LB2202150', NULL);
INSERT INTO `app_urlresults` VALUES (32, '2022-12-15 08:44:12.819778', 8, '3157 WHIRLAWAY TRL', NULL, ' Tallahassee', '2022-12-02', NULL, NULL, NULL, NULL, 'Meraki Installers', NULL, 'FL', 'Issued', NULL, NULL, '32309', 'LB2202135', NULL);
INSERT INTO `app_urlresults` VALUES (33, '2022-12-15 08:44:13.383123', 21, '2523 UPTOWN ALY', NULL, ' SACRAMENTO', '12/14/2022', 'EPC - construct a 2 story adu first floor 700 sq ft garage second floor 700 sq ft adu solar 3.36 kw pv system separate wrecking permit to be issued for existing garage', NULL, NULL, NULL, 'ADU', NULL, 'CA', 'Applied', NULL, NULL, '95818', 'RES-2226698', NULL);
INSERT INTO `app_urlresults` VALUES (34, '2022-12-15 08:44:13.438273', 21, '3237 2ND AVE', NULL, ' SACRAMENTO', '12/14/2022', '3.2kw Solar PV System, and 0gal Solar WH System (water heater installed null). All supply side connections, main breaker change-out, and/or panel upgrade will require a second inspection. Carbon monoxide & Smoke alarms required. Reference CRC sections R31', NULL, NULL, NULL, 'ROOF MOUNT PV 3.2KW', NULL, 'CA', 'Process Wait', NULL, NULL, '95817', 'RES-2226634', NULL);
INSERT INTO `app_urlresults` VALUES (35, '2022-12-15 08:44:13.493378', 21, '7032 GLORIA DR', NULL, ' SACRAMENTO', '12/14/2022', 'REV TO RES-2214430 ORIGINAL APPROVED PLAN SET HAS EQUIPMENT ON WRONG SIDE OF THE HOUSE, THE EQUIPMENT IS ON THE NORTH SIDE OF HOME, PLANS UPDATED TO REFLECT THIS', NULL, NULL, NULL, 'REV TO RES-2214430', NULL, 'CA', 'Plan Check Target', NULL, NULL, '95831', 'RES-2226660', NULL);
INSERT INTO `app_urlresults` VALUES (36, '2022-12-15 08:44:13.556055', 21, '854 VINCI AVE', NULL, ' SACRAMENTO', '12/14/2022', '', NULL, NULL, NULL, '', NULL, 'CA', 'Submittal Pending Review', NULL, NULL, '95838', 'PLN22-05415', NULL);
INSERT INTO `app_urlresults` VALUES (37, '2022-12-15 08:44:13.624733', 21, '456 CLEVELAND AVE', NULL, ' SACRAMENTO', '12/14/2022', '', NULL, NULL, NULL, '', NULL, 'CA', 'Submittal Pending Review', NULL, NULL, '95833', 'PLN22-05413', NULL);
INSERT INTO `app_urlresults` VALUES (38, '2022-12-15 08:44:13.671849', 5, '926 FENLEY AVE', NULL, ' ST MATTHEWS', '2022-12-14', NULL, NULL, NULL, NULL, 'Pv Solar install for Donald C Brewer', NULL, 'KY', 'Submitted', NULL, NULL, '40222', 'RES-ALT-22-01832', NULL);
INSERT INTO `app_urlresults` VALUES (39, '2022-12-15 08:44:13.695900', 21, '4848 HINCHMAN WAY', NULL, ' SACRAMENTO', '12/14/2022', '5.4kw Solar PV System, and 0gal Solar WH System (water heater installed null). All supply side connections, main breaker change-out, and/or panel upgrade will require a second inspection. Carbon monoxide & Smoke alarms required. Reference CRC sections R31', NULL, NULL, NULL, 'ROOF MOUNT PV 5.4KW', NULL, 'CA', 'Ready-to-Issue', NULL, NULL, '95823', 'RES-2226604', NULL);
INSERT INTO `app_urlresults` VALUES (40, '2022-12-15 08:44:13.728972', 5, '1811 MEADOWGATE LN', NULL, ' LOUISVILLE', '2022-12-14', NULL, NULL, NULL, NULL, 'Deuser', NULL, 'KY', 'Submitted', NULL, NULL, '40223', 'RES-NEW-22-01396', NULL);
INSERT INTO `app_urlresults` VALUES (41, '2022-12-15 08:44:13.763041', 21, '6320 GLENHILLS WAY', NULL, ' SACRAMENTO', '12/14/2022', '6.48kw Solar PV System, and 0gal Solar WH System (water heater installed null). All supply side connections, main breaker change-out, and/or panel upgrade will require a second inspection. Carbon monoxide & Smoke alarms required. Reference CRC sections R3', NULL, NULL, NULL, 'ROOF MOUNT PV 6.48KW', NULL, 'CA', 'Ready-to-Issue', NULL, NULL, '95824', 'RES-2226606', NULL);
INSERT INTO `app_urlresults` VALUES (42, '2022-12-15 08:44:13.781076', 5, '926 FENLEY AVE', NULL, ' ST MATTHEWS', '2022-12-14', NULL, NULL, NULL, NULL, 'Pv Solar install for Donald C Brewer', NULL, 'KY', 'Issued', NULL, NULL, '40222', 'RES-ELC-22-08934', NULL);
INSERT INTO `app_urlresults` VALUES (43, '2022-12-15 08:44:13.824657', 21, '3650 3RD AVE', NULL, ' SACRAMENTO', '12/14/2022', 'EPC - 1st floor 864 sq ft garage 2nd floor 864 sq adu and 96 sq ft balcony solar 2.47 kw system', NULL, NULL, NULL, 'adu', NULL, 'CA', 'Applied', NULL, NULL, '95817', 'RES-2226647', NULL);
INSERT INTO `app_urlresults` VALUES (44, '2022-12-15 08:44:13.905989', 21, '2801 D ST', NULL, ' SACRAMENTO', '12/14/2022', 'EPC - EXPEDITED - construct new 360 sq ft adu with loft solar 2.19 kw system separate wrecking permit to be issued for existing garage', NULL, NULL, NULL, 'ADU', NULL, 'CA', 'Plan Check Target', NULL, NULL, '95816', 'RES-2226674', NULL);
INSERT INTO `app_urlresults` VALUES (45, '2022-12-15 08:44:13.975252', 21, '6621 HITCHCOCK WAY', NULL, ' SACRAMENTO', '12/14/2022', '4.5kw Solar PV System, and 0gal Solar WH System (water heater installed null). All supply side connections, main breaker change-out, and/or panel upgrade will require a second inspection. Carbon monoxide & Smoke alarms required. Reference CRC sections R31', NULL, NULL, NULL, 'ROOF MOUNT PV 4.5KW', NULL, 'CA', 'Plan Check Target', NULL, NULL, '95823', 'RES-2226675', NULL);
INSERT INTO `app_urlresults` VALUES (46, '2022-12-15 08:44:14.013326', 5, '2637 DRAYTON DR', NULL, ' LOUISVILLE', '2022-12-13', NULL, NULL, NULL, NULL, 'Solar panels', NULL, 'KY', 'Plan Review', NULL, NULL, '40205', 'RES-ALT-22-01816', NULL);
INSERT INTO `app_urlresults` VALUES (47, '2022-12-15 08:44:14.071965', 5, '11637 REALITY TRL', NULL, ' HERITAGE CREEK', '2022-12-13', NULL, NULL, NULL, NULL, 'PV Solar Roof Mount Installation', NULL, 'KY', 'Plan Review', NULL, NULL, '40229', 'RES-ALT-22-01821', NULL);
INSERT INTO `app_urlresults` VALUES (48, '2022-12-15 08:44:14.124651', 5, '1025 RUNELL RD', NULL, ' LOUISVILLE', '2022-12-13', NULL, NULL, NULL, NULL, 'Ron Hitchcock Solar', NULL, 'KY', 'Submitted', NULL, NULL, '40214', 'RES-ALT-22-01817', NULL);
INSERT INTO `app_urlresults` VALUES (49, '2022-12-15 08:44:14.536683', 13, '757 PAUL AV', NULL, ' PALO ALTO', '2022-12-13', NULL, NULL, NULL, NULL, NULL, NULL, 'CA', 'In Plan Check', NULL, NULL, '94306', '22BLD-03086', NULL);
INSERT INTO `app_urlresults` VALUES (50, '2022-12-15 08:44:14.612851', 13, '3537 MURDOCH DR', NULL, ' PALO ALTO', '2022-12-12', NULL, NULL, NULL, NULL, NULL, NULL, 'CA', 'Permit Issued', NULL, NULL, '94306', '22BLD-03046', NULL);
INSERT INTO `app_urlresults` VALUES (51, '2022-12-15 08:44:14.653922', 13, '131 BYRON ST', NULL, ' PALO ALTO', '2022-12-12', NULL, NULL, NULL, NULL, NULL, NULL, 'CA', 'In Plan Check', NULL, NULL, '94301', '22REV-00723', NULL);
INSERT INTO `app_urlresults` VALUES (52, '2022-12-15 08:44:14.696994', 13, '2156 BELLVIEW DR', NULL, ' PALO ALTO', '2022-12-12', NULL, NULL, NULL, NULL, NULL, NULL, 'CA', 'In Plan Check', NULL, NULL, '94303', '22REV-00720', NULL);
INSERT INTO `app_urlresults` VALUES (53, '2022-12-15 08:44:14.740090', 13, '1117 CALIFORNIA AV', NULL, ' PALO ALTO', '2022-12-12', NULL, NULL, NULL, NULL, NULL, NULL, 'CA', 'Submitted', NULL, NULL, '94304', '22BLD-03053', NULL);
INSERT INTO `app_urlresults` VALUES (54, '2022-12-15 08:44:14.831341', 13, '2156 BELLVIEW DR', NULL, ' PALO ALTO', '2022-12-09', NULL, NULL, NULL, NULL, NULL, NULL, 'CA', 'Pre-Application Accepted', NULL, NULL, '94303', '22APP-04659', NULL);
INSERT INTO `app_urlresults` VALUES (55, '2022-12-15 08:44:14.984690', 33, 'CHACON VALDENEGRO LIZETH', NULL, 'DENVER', '12/14/2022', NULL, NULL, NULL, NULL, NULL, NULL, 'CO', 'Permit Issued', NULL, NULL, '80229', 'BDP22-3671', 'ESTRADA JORGE M AND');
INSERT INTO `app_urlresults` VALUES (56, '2022-12-15 08:44:15.352041', 30, '7332, S Alton Way ste 13K', 'William Clay', 'Centennial,', '2022-12-01', NULL, NULL, NULL, NULL, '', NULL, 'CO,', 'Issued', NULL, NULL, '80112', 'GEN22-0168-A', NULL);
INSERT INTO `app_urlresults` VALUES (57, '2022-12-15 08:44:15.752090', 6, '8410 HUNTON CIR', NULL, ' North Chesterfield', '2022-12-14', NULL, NULL, NULL, NULL, 'Schimmel Solar Install', NULL, 'VA', 'Submitted', NULL, NULL, '23235', '20221214-124', NULL);
INSERT INTO `app_urlresults` VALUES (58, '2022-12-15 08:44:15.803195', 6, '8410 HUNTON CIR', NULL, ' North Chesterfield', '2022-12-14', NULL, NULL, NULL, NULL, 'Schimmel Solar Install', NULL, 'VA', 'Submitted', NULL, NULL, '23235', '20221214-125', NULL);
INSERT INTO `app_urlresults` VALUES (59, '2022-12-15 08:44:15.878372', 6, '8518 SCOTTINGHAM CT', NULL, ' North Chesterfield', '2022-12-13', NULL, NULL, NULL, NULL, 'PLBG-Crawlspace Line', NULL, 'VA', 'Issued', NULL, NULL, '23236', '20221213-065', NULL);
INSERT INTO `app_urlresults` VALUES (60, '2022-12-15 08:44:15.959624', 6, '5000 SPRING BLUFF RD', NULL, ' Midlothian', '2022-12-12', NULL, NULL, NULL, NULL, 'ELEC - Solar Panel', NULL, 'VA', 'Issued', NULL, NULL, '23112', '20221212-092', NULL);
INSERT INTO `app_urlresults` VALUES (61, '2022-12-15 08:44:15.996694', 7, '193 GEORGE WASHINGTON HWY', NULL, ' CHESAPEAKE', '2022-12-14', NULL, NULL, NULL, NULL, '(2) 0-30 Amps Circuits - SOLAR', NULL, 'VA', 'Permit Issued', NULL, NULL, '23323', 'BLD-ELE-RES-2022-04008', NULL);
INSERT INTO `app_urlresults` VALUES (62, '2022-12-15 08:44:16.013730', 6, '5000 SPRING BLUFF RD', NULL, ' Midlothian', '2022-12-12', NULL, NULL, NULL, NULL, 'BLDG - Solar Panel', NULL, 'VA', 'Issued', NULL, NULL, '23112', '20221212-091', NULL);
INSERT INTO `app_urlresults` VALUES (63, '2022-12-15 08:44:16.049837', 7, '193 GEORGE WASHINGTON HWY', NULL, ' CHESAPEAKE', '2022-12-14', NULL, NULL, NULL, NULL, '(24) ROOF MOUNTED SOLAR PANELS - White, Leanora', NULL, 'VA', 'Permit Issued', NULL, NULL, '23323', 'BLD-RES-2022-04186', NULL);
INSERT INTO `app_urlresults` VALUES (64, '2022-12-15 08:44:16.193161', 7, '928 STATE ST', NULL, ' CHESAPEAKE', '2022-12-14', NULL, NULL, NULL, NULL, '(19) 7.22kW DC SOLAR PANELS INSTALLED ON EXISTING RESIDENTIAL ROOF', NULL, 'VA', 'In Review', NULL, NULL, '23323', 'BLD-RES-2022-04190', NULL);
INSERT INTO `app_urlresults` VALUES (65, '2022-12-15 08:44:16.215224', 6, '18107 TIMBER BANKS LN', NULL, ' Moseley', '2022-12-11', NULL, NULL, NULL, NULL, 'BLDG - Solar Install (Watson Household)', NULL, 'VA', 'In Review', NULL, NULL, '23120', '20221211-003', NULL);
INSERT INTO `app_urlresults` VALUES (66, '2022-12-15 08:44:16.256807', 7, '704 BURROW AVE', NULL, ' CHESAPEAKE', '2022-12-14', NULL, NULL, NULL, NULL, 'Solar Panel Project', NULL, 'VA', 'Permit Issued', NULL, NULL, '23324', 'BLD-ELE-RES-2022-04017', NULL);
INSERT INTO `app_urlresults` VALUES (67, '2022-12-15 08:44:16.288924', 4, '872 VALLEY ST', NULL, 'DAYTON', '12/14/2022', NULL, NULL, NULL, NULL, NULL, NULL, 'OH', '', NULL, NULL, '45404', 'BLD-SIGN-22-00320', 'TREI LEXINGTON LLC *');
INSERT INTO `app_urlresults` VALUES (68, '2022-12-15 08:44:16.395028', 7, '706 NOTTAWAY DR', NULL, ' CHESAPEAKE', '2022-12-14', NULL, NULL, NULL, NULL, 'Kapololu Solar Install', NULL, 'VA', 'Open', NULL, NULL, '23320', 'BLD-RES-2022-04194', NULL);
INSERT INTO `app_urlresults` VALUES (69, '2022-12-15 08:44:16.451133', 7, '1129 WASHINGTON DR', NULL, ' CHESAPEAKE', '2022-12-14', NULL, NULL, NULL, NULL, 'Dunbar', NULL, 'VA', 'Permit Issued', NULL, NULL, '23322', 'BLD-ELE-RES-2022-04023', NULL);
INSERT INTO `app_urlresults` VALUES (70, '2022-12-15 08:44:16.502227', 7, '1129 WASHINGTON DR', NULL, ' CHESAPEAKE', '2022-12-14', NULL, NULL, NULL, NULL, 'Dunbar', NULL, 'VA', 'Open', NULL, NULL, '23322', 'BLD-RES-2022-04193', NULL);
INSERT INTO `app_urlresults` VALUES (71, '2022-12-15 08:44:17.234854', 11, '8140 BAYHAVEN DR', NULL, ' SEMINOLE', '2022-12-14', NULL, NULL, NULL, NULL, 'MACCOLLOM SOLAR PV', NULL, 'FL', 'In Review', NULL, NULL, '33776', 'BR-SOL-22-00031', NULL);
INSERT INTO `app_urlresults` VALUES (72, '2022-12-15 08:44:17.324351', 11, '8847 ORANGE BLOSSOM DR', NULL, ' SEMINOLE', '2022-12-14', NULL, NULL, NULL, NULL, 'Farish re-roof', NULL, 'FL', 'Issued', NULL, NULL, '33772', 'EBP-22-21324', NULL);
INSERT INTO `app_urlresults` VALUES (73, '2022-12-15 08:44:17.371432', 11, '323 BAHIA VISTA DR', NULL, ' INDIAN ROCKS BEACH', '2022-12-14', NULL, NULL, NULL, NULL, 'Tutton PV Solar', NULL, 'FL', 'Plans Received', NULL, NULL, '33785', 'BR-SOL-22-00032', NULL);
INSERT INTO `app_urlresults` VALUES (74, '2022-12-15 08:44:17.466672', 11, '13051 106TH AVE', NULL, ' LARGO', '2022-12-13', NULL, NULL, NULL, NULL, 'COX CHARLES', NULL, 'FL', 'In Review', NULL, NULL, '33774', 'BR-SOL-22-00030', NULL);
INSERT INTO `app_urlresults` VALUES (75, '2022-12-15 08:44:17.516813', 11, '266 KATHERINE BLVD', NULL, ' APT 7112', '2022-12-13', NULL, NULL, NULL, NULL, 'Landing at Boot Ranch', NULL, 'FL', 'Issued', NULL, NULL, '34684', 'EBP-22-21215', NULL);
INSERT INTO `app_urlresults` VALUES (76, '2022-12-15 08:44:17.563918', 11, '5057 45TH ST', NULL, ' ST PETERSBURG', '2022-12-13', NULL, NULL, NULL, NULL, 'Yanko Solar', NULL, 'FL', 'Awaiting Plans', NULL, NULL, '33714', 'BR-SOL-22-00026', NULL);
INSERT INTO `app_urlresults` VALUES (77, '2022-12-15 08:44:18.299926', 9, '140 ISLE OF VENICE ISLE OF VENICE DR', NULL, ' FORT LAUDERDALE', '2022-12-14', NULL, NULL, NULL, NULL, 'Rosen', NULL, 'FL', 'Awaiting Initial Fee Payment', NULL, NULL, ' 33301', 'ELE-SOL-22120021', NULL);
INSERT INTO `app_urlresults` VALUES (78, '2022-12-15 08:44:18.345255', 9, '1147 7TH NE 7 AVE', NULL, ' FORT LAUDERDALE', '2022-12-14', NULL, NULL, NULL, NULL, '11 Middle River LLC', NULL, 'FL', 'Open', NULL, NULL, ' 33304', 'BLD-SOL-21120021.R001', NULL);
INSERT INTO `app_urlresults` VALUES (79, '2022-12-15 08:44:18.391333', 9, '848 PENNSYLVANIA PENNSYLVANIA AVE', NULL, ' FORT LAUDERDALE', '2022-12-14', NULL, NULL, NULL, NULL, '', NULL, 'FL', 'Plan Set Submitted', NULL, NULL, ' 33312', 'BLD-SOL-22120032', NULL);
INSERT INTO `app_urlresults` VALUES (80, '2022-12-15 08:44:18.439931', 9, '848 PENNSYLVANIA PENNSYLVANIA AVE', NULL, ' FORT LAUDERDALE', '2022-12-14', NULL, NULL, NULL, NULL, '', NULL, 'FL', 'Plan Set Submitted', NULL, NULL, ' 33312', 'ELE-SOL-22120022', NULL);
INSERT INTO `app_urlresults` VALUES (81, '2022-12-15 08:44:18.485537', 9, '372 DAYTON E DAYTON CIR', NULL, ' FORT LAUDERDALE', '2022-12-14', NULL, NULL, NULL, NULL, 'P-9503 - REVISION', NULL, 'FL', 'Revision Submitted', NULL, NULL, ' 33312', 'BLD-SOL-22020001.R001', NULL);
INSERT INTO `app_urlresults` VALUES (82, '2022-12-15 08:44:18.533118', 9, '2511 CAT CAY CAT CAY LN', NULL, ' FORT LAUDERDALE', '2022-12-14', NULL, NULL, NULL, NULL, 'LLERA, MELISSA - MPU', NULL, 'FL', 'Plan Set Submitted', NULL, NULL, ' 33312', 'ELE-RES-22120083', NULL);
INSERT INTO `app_urlresults` VALUES (83, '2022-12-15 08:44:18.582210', 9, '1421 16TH NE 16 AVE', NULL, ' FORT LAUDERDALE', '2022-12-14', NULL, NULL, NULL, NULL, 'GOOCH, ADAM (REVISION #2) - SOLAR', NULL, 'FL', 'Revision Submitted', NULL, NULL, ' 33304', 'BLD-SOL-22080018.R002', NULL);
INSERT INTO `app_urlresults` VALUES (84, '2022-12-15 08:44:18.864834', 33, '8660 EVELYN CT', NULL, 'DENVER', '12/13/2022', NULL, NULL, NULL, NULL, NULL, NULL, 'CO', 'Permit Issued', NULL, NULL, '80229', 'BDP22-3669', 'CAMPBELL KRISTI MARIE');
INSERT INTO `app_urlresults` VALUES (85, '2022-12-15 08:44:18.880934', 30, '7332, S Alton Way ste 13K', 'David Mechtly', 'Centennial,', '2022-12-01', NULL, NULL, NULL, NULL, '', NULL, 'CO,', 'Issued', NULL, NULL, '80112', 'ELE22-0081-A', NULL);
INSERT INTO `app_urlresults` VALUES (86, '2022-12-15 08:44:18.968121', 18, '20 WELLFLEET BAY', NULL, 'Alameda', '12/13/2022', '***(12/13/2022 R.W.) - REV1: MAIN PANEL CHANGED TO 125 AMP; SE WIRES ARE 2/0 ALUMINUM. REV1 SPV PERMIT TO BE APPROVED AND ISSUED BEFORE ANY CHANGES TO EW22-0377 ARE ALLOWED (SOLAR)*** ***(09/12/2022 R.W.) - REMOVED 200 AMP MAIN SERVICE UPGRADE FROM THIS SOLAR PERMIT. CONTRACTOR HAS APPLIED SEPARATELY FOR EW22-0377*** RESIDENTIAL - INSTALL ROOF MOUNTED SOLAR PV PANELS- 16 MODULES, 16 MICROINVERTERS & NEW **125 AMP MAIN SERVICE UPGRADE ** Square D sc2040125PF**; NEW 30 AMP PV BREAKER (SOLAR/ELEC).', NULL, NULL, NULL, NULL, NULL, 'CA', 'Plan Review', NULL, NULL, '94502', 'SPV22-0102-REV1', NULL);
INSERT INTO `app_urlresults` VALUES (87, '2022-12-15 08:44:19.046758', 31, 'Phoenix', 'George Shoultes', 'AZ', '12/14/2022', NULL, NULL, NULL, NULL, '', NULL, '85027', 'Initialized', NULL, NULL, 'United States', 'B202217016', NULL);
INSERT INTO `app_urlresults` VALUES (88, '2022-12-15 08:44:19.083387', 18, '429 WHITEHALL RD', NULL, 'Alameda', '12/13/2022', 'REV1 (JM) 12/13/22; SYSTEM SIZE DECREASED TO 8.784 KW TESLA SOLAR ROOF (122 MODULES) CHANGED AND WITH THAT THE LAYOUT AND STRINGING. EQUPIMENT BOS UPDATED, ELECTRICAL LOAD CENTER 225A REMOVED. ***INSTALL 8.928KW TESLA SOLAR (124 ENERGIZED TILES), 13.5 KWH ENERGY STORAGE SYSTEM AND NEW 225A LOAD CENTER', NULL, NULL, NULL, NULL, NULL, 'CA', 'Plan Review', NULL, NULL, '94501', 'SPV22-0018-REV1', NULL);
INSERT INTO `app_urlresults` VALUES (89, '2022-12-15 08:44:19.227710', 18, '1324 EAST SHORE DR', NULL, 'Alameda', '12/07/2022', 'RESIDENTIAL - INSTALL 5.6 KW PV ARRAY; 14 MODULES & 13.5 KW ESS & (N) 225 AMP LOAD CENTER (SOLAR/ELEC).', NULL, NULL, NULL, NULL, NULL, 'CA', 'Plan Review', NULL, NULL, '94501', 'SPV22-0156', NULL);
INSERT INTO `app_urlresults` VALUES (90, '2022-12-15 08:44:19.275281', 18, '1312 BROADWAY', NULL, 'Alameda', '12/07/2022', '***(12/07/2022 R.W.) -REV1: REVISED EQUIPMENT LOCATIONS & UTILIZED TESLA GATEWAY PANELBOARD (ELEC)*** ROOF MOUNTED SMALL-SCALE 4.98KW SINGLE PHASE PV ARRAY, INSTALL EANERGY STORAGE SYSTEM 5KW DC, INSTALL GENERATION SUB PANEL, HOME LOAD SUBPANEL TESLA GATEWAY, EMERGENCY STOP SWITCH AND POWERWALL INSTALL (ELEC)', NULL, NULL, NULL, NULL, NULL, 'CA', 'Plan Review', NULL, NULL, '94501', 'SPV22-0131-REV1', NULL);
INSERT INTO `app_urlresults` VALUES (91, '2022-12-15 08:44:19.324868', 18, '2125 STANFORD ST', NULL, 'Alameda', '12/05/2022', 'RESIDENTIAL - BLDG 8 \"WATERSIDE.\" INSTALLATION OF ROOF MOUNTED PV SYSTEM - 3.50KW, 10 PANELS FOR (2) UNITS & 2.80KW, 8 PANELS FOR (4) UNITS (SOLAR). INDIVIDUAL ADDRESSES INCLUDE: 2127, 2129, 2131, 2133, 2135 & 2137 STANFORD ***DO NOT EXPIRE PERMIT WITHOUT BUILDING OFFICIAL\'S APPROVAL.***', NULL, NULL, NULL, NULL, NULL, 'CA', 'Plan Review', NULL, NULL, '94501', 'SPV22-0152', NULL);
INSERT INTO `app_urlresults` VALUES (92, '2022-12-15 08:44:19.373872', 18, '105 PAYOT LN', NULL, 'Alameda', '12/05/2022', 'INSTALL NEW 8.28 KW/ 23 PANEL PV SYSTEM AND NEW 60A AC DISCONNECT', NULL, NULL, NULL, NULL, NULL, 'CA', 'Plan Review', NULL, NULL, '94502', 'SPV22-0153', NULL);
INSERT INTO `app_urlresults` VALUES (93, '2022-12-15 08:44:19.427005', 18, '2141 STANFORD ST', NULL, 'Alameda', '12/05/2022', 'RESIDENTIAL - BLDG 6 \"LANDSIDE.\" INSTALLATION OF ROOF MOUNTED PV SYSTEM - 2.80kW 8 PANELS (FOR 6 UNITS) AND 3.15kW 9 PANELS (FOR 1 UNIT) SOLAR PHOTOVOLTAIC SYSTEM. TOTAL OF 19.95kW. (RE: CB22-0674). INDIVIDUAL UNIT ADDRESS: 2143, 2145, 2147, 2149, 2151, 2153 & 2155 STANFORD ST. ***DO NOT EXPIRE PERMIT WITHOUT BUILDING OFFICIAL\'S APPROVAL.***', NULL, NULL, NULL, NULL, NULL, 'CA', 'Plan Review', NULL, NULL, '94501', 'SPV22-0154', NULL);
INSERT INTO `app_urlresults` VALUES (94, '2022-12-15 08:44:22.159146', 16, '1071 N CHRISTY LN', 'ROBINSON ALLEN A III *', 'Las Vegas', '12/14/2022', 'Rooftop Solar Installation - 16.38 KW - 39 Panels', NULL, NULL, NULL, 'Robinson PV Solar Install', NULL, 'NV', 'Awaiting Plans', NULL, NULL, '89110', 'BD22-60591', NULL);
INSERT INTO `app_urlresults` VALUES (95, '2022-12-15 08:44:22.251312', 35, '7592 Channel View St', NULL, 'Chino', '12/14/2022', NULL, NULL, NULL, NULL, 'Photovoltaic System', NULL, 'CA', 'Applied', NULL, NULL, '91708', 'B22-3718', 'Rosa Brazil');
INSERT INTO `app_urlresults` VALUES (96, '2022-12-15 08:44:22.901824', 33, '1800 W 74TH WAY', NULL, 'DENVER', '12/13/2022', NULL, NULL, NULL, NULL, NULL, NULL, 'CO', 'Permit Issued', NULL, NULL, '80221', 'BDP22-3662', 'SERNA LISA');
INSERT INTO `app_urlresults` VALUES (97, '2022-12-15 08:44:24.610867', 4, 'PO BOX 1159', NULL, 'DEERFIELD', '12/14/2022', NULL, NULL, NULL, NULL, NULL, NULL, 'IL', '', NULL, NULL, '60015', 'BLD-CHVAC-22-00252', 'STONEHORSE LLC *');
INSERT INTO `app_urlresults` VALUES (98, '2022-12-15 08:44:25.354973', 16, '10308 HOWE LN', 'HARRISON LLOYD & NANCY *', 'Las Vegas', '12/14/2022', 'PV INSTALL SOLAR PANELS ON ROOFTOP FOR EXISTING SFR WITH ENERGY STORAGE SYSTEM (ESS)', NULL, NULL, NULL, 'TESLA', NULL, 'NV', 'In Review', NULL, NULL, '66206', 'BD22-60577', NULL);
INSERT INTO `app_urlresults` VALUES (99, '2022-12-15 08:44:25.623990', 35, '4852 HANCOCK ST', NULL, 'CHINO', '12/14/2022', NULL, NULL, NULL, NULL, 'Photovoltaic System', NULL, 'CA', 'Applied', NULL, NULL, '91710', 'B22-3717', 'YANG, STEVE');
INSERT INTO `app_urlresults` VALUES (100, '2022-12-15 08:44:26.796917', 34, '3331 Pirates Cove Cove', NULL, ' Crystal Beacj', '2022-12-08', '', NULL, NULL, NULL, NULL, NULL, 'TX', '', NULL, NULL, '77650', '22TMP-009629', NULL);
INSERT INTO `app_urlresults` VALUES (101, '2022-12-15 08:44:26.843041', 34, '3613 83rd Street', NULL, ' Galveston', '2022-12-07', '', NULL, NULL, NULL, NULL, NULL, 'TX', 'Issued', NULL, NULL, '77554', 'RES2022-01643', NULL);
INSERT INTO `app_urlresults` VALUES (102, '2022-12-15 08:44:26.888636', 34, '2809 Ave P 1/2', NULL, ' Galveston', '2022-12-07', '', NULL, NULL, NULL, NULL, NULL, 'TX', 'Permit Issued', NULL, NULL, '77550', 'ELE2022-01701', NULL);
INSERT INTO `app_urlresults` VALUES (103, '2022-12-15 08:44:26.939245', 34, '3520 Ave J', NULL, ' Galveston', '2022-12-01', '', NULL, NULL, NULL, NULL, NULL, 'TX', 'Approved', NULL, NULL, '77550', 'RES2022-01615', NULL);
INSERT INTO `app_urlresults` VALUES (104, '2022-12-15 08:44:27.802512', 33, '12285 MONACO DR', NULL, 'BRIGHTON', '12/13/2022', NULL, NULL, NULL, NULL, NULL, NULL, 'CO', 'Permit Issued', NULL, NULL, '80602', 'BDP22-3660', 'MARQUEZ TARANGO CESAR');
INSERT INTO `app_urlresults` VALUES (105, '2022-12-15 08:44:28.097171', 22, '1156 TEMPLE DR', NULL, ' PACHECO', '2022-12-14', 'SFR ROOF MOUNTED PV SYSTEM, COMP, 12 PANELS, 4.800 KW', NULL, NULL, NULL, 'SFR ROOF MOUNTED PV SYSTEM, COMP, 12 PANELS, 4.800 KW', NULL, 'CA', 'Applied-Pending', NULL, NULL, '94553', 'BIPVR22-014130', NULL);
INSERT INTO `app_urlresults` VALUES (106, '2022-12-15 08:44:28.161348', 22, '2756 GREENWOOD DR', NULL, ' SAN PABLO', '2022-12-14', 'SFR ROOF MOUNTED PV SYSTEM, COMP, 17 PANELS, 6.800 KW', NULL, NULL, NULL, 'SFR ROOF MOUNTED PV SYSTEM, COMP, 17 PANELS, 6.800 KW', NULL, 'CA', 'Applied-Pending', NULL, NULL, '94806', 'BIPVR22-014128', NULL);
INSERT INTO `app_urlresults` VALUES (107, '2022-12-15 08:44:28.227493', 22, '2775 BOWHILL LN', NULL, ' SAN PABLO', '2022-12-14', 'SFR ROOF MOUNTED PV SYSTEM, COMP, 10 PANELS, 4.000 KW', NULL, NULL, NULL, 'SFR ROOF MOUNTED PV SYSTEM, COMP, 10 PANELS, 4.000 KW', NULL, 'CA', 'Applied-Pending', NULL, NULL, '94806', 'BIPVR22-014127', NULL);
INSERT INTO `app_urlresults` VALUES (108, '2022-12-15 08:44:28.296657', 22, '729 LAUREL DR', NULL, ' WALNUT CREEK', '2022-12-14', 'n 8.3 kw photovoltaic installation roof mounted', NULL, NULL, NULL, 'n 8.3 kw photovoltaic installation roof mounted', NULL, 'CA', 'Applied-Pending', NULL, NULL, '94596', 'BIPVR22-014125', NULL);
INSERT INTO `app_urlresults` VALUES (109, '2022-12-15 08:44:28.371894', 22, '5660 NOTTINGHAM CT', NULL, ' EL SOBRANTE', '2022-12-14', 'SFR ROOF MOUNTED PV SYSTEM, COMP, 19 PANELS, 7.600 KW', NULL, NULL, NULL, 'SFR ROOF MOUNTED PV SYSTEM, COMP, 19 PANELS, 7.600 KW', NULL, 'CA', 'Applied-Pending', NULL, NULL, '94803', 'BIPVR22-014124', NULL);
INSERT INTO `app_urlresults` VALUES (110, '2022-12-15 08:44:28.399951', 31, '2122 W. Lone Cactus Dr. Ste2', 'Zane Pence', 'Phoenix', '12/14/2022', NULL, NULL, NULL, NULL, '', NULL, 'AZ', 'Initialized', NULL, NULL, '85027', 'B202217009', NULL);
INSERT INTO `app_urlresults` VALUES (111, '2022-12-15 08:44:28.431469', 22, '5759 ROBIN HOOD DR', NULL, ' EL SOBRANTE', '2022-12-14', 'SFR ROOF MOUNTED PV SYSTEM, COMP, 18 PANELS, 7.200 KW', NULL, NULL, NULL, 'SFR ROOF MOUNTED PV SYSTEM, COMP, 18 PANELS, 7.200 KW', NULL, 'CA', 'Applied-Pending', NULL, NULL, '94803', 'BIPVR22-014123', NULL);
INSERT INTO `app_urlresults` VALUES (112, '2022-12-15 08:44:28.486662', 22, '41 POMO CT', NULL, ' BAY POINT', '2022-12-14', 'Installation of a 4.80 DC kW system with 12 modules and 12 micro inverters. New 125A sub panel', NULL, NULL, NULL, 'Installation of a 4.80 DC kW system with 12 modules and 12 micro inverters. New 125A sub panel', NULL, 'CA', 'Applied-Pending', NULL, NULL, '94565', 'BIPVR22-014122', NULL);
INSERT INTO `app_urlresults` VALUES (113, '2022-12-15 08:44:28.545776', 22, '1341 MONTEROSSO ST', NULL, ' DANVILLE', '2022-12-14', 'SFR ROOF MOUNTED PV SYSTEM, S-tile, 18 PANELS, 7.200 KW', NULL, NULL, NULL, 'SFR ROOF MOUNTED PV SYSTEM, S-tile, 18 PANELS, 7.200 KW', NULL, 'CA', 'Applied-Pending', NULL, NULL, '94506', 'BIPVR22-014119', NULL);
INSERT INTO `app_urlresults` VALUES (114, '2022-12-15 08:44:28.562810', 16, '10550 FROSTED SKY WAY', 'IANCU RADU VLAD *', 'Las Vegas', '12/14/2022', 'PV INSTALL SOLAR PANELS ON ROOFTOP FOR EXISTING SFR WITH ENERGY STORAGE SYSTEM (ESS)', NULL, NULL, NULL, 'TESLA', NULL, 'NV', 'In Review', NULL, NULL, '89135', 'BD22-60572', NULL);
INSERT INTO `app_urlresults` VALUES (115, '2022-12-15 08:44:28.601384', 22, '5819 ROBIN HOOD DR', NULL, ' EL SOBRANTE', '2022-12-14', 'SFR ROOF MOUNTED PV SYSTEM, COMP, 16 PANELS, 6.400 KW', NULL, NULL, NULL, 'SFR ROOF MOUNTED PV SYSTEM, COMP, 16 PANELS, 6.400 KW', NULL, 'CA', 'Applied-Pending', NULL, NULL, '94803', 'BIPVR22-014117', NULL);
INSERT INTO `app_urlresults` VALUES (116, '2022-12-15 08:44:28.659672', 22, '4030 CENTRAL CT', NULL, ' MARTINEZ', '2022-12-14', '3.8w AC (11) Panel Roofmount PV System', NULL, NULL, NULL, '3.8w AC (11) Panel Roofmount PV System', NULL, 'CA', 'Applied-Pending', NULL, NULL, '94553', 'BIPVR22-014107', NULL);
INSERT INTO `app_urlresults` VALUES (117, '2022-12-15 08:44:28.870126', 29, '6943 W LAMPLIGHTER ST', NULL, ' Boise', '2022-12-14', NULL, NULL, NULL, NULL, 'Rebekah Jillson - SOLAR', NULL, 'ID', 'Issued', NULL, NULL, '83714', 'ELE22-04816', NULL);
INSERT INTO `app_urlresults` VALUES (118, '2022-12-15 08:44:28.928759', 28, '1295 04 W AVENIDA DEL VALLE ', NULL, ' QUEEN CREEK', '2022-12-13', NULL, NULL, NULL, NULL, 'PV SOLAR, LOT 80, OVATION', NULL, 'AZ', 'In Review', NULL, NULL, '85140', 'B22-4410', NULL);
INSERT INTO `app_urlresults` VALUES (119, '2022-12-15 08:44:28.945281', 29, '902 W LINDEN ST', NULL, ' Boise', '2022-12-14', NULL, NULL, NULL, NULL, 'Homeowner PV-Haumann', NULL, 'ID', 'Issued', NULL, NULL, '83706', 'ELE22-04810', NULL);
INSERT INTO `app_urlresults` VALUES (120, '2022-12-15 08:44:28.946784', 35, '12228 COTTONWOOD AVE', NULL, 'CHINO', '12/14/2022', NULL, NULL, NULL, NULL, 'Photovoltaic System', NULL, 'CA', 'Applied', NULL, NULL, '91710', 'B22-3716', 'WINDER, ROBEN D');
INSERT INTO `app_urlresults` VALUES (121, '2022-12-15 08:44:28.983939', 28, '21465 01 E PECAN LN', NULL, ' QUEEN CREEK', '2022-12-12', NULL, NULL, NULL, NULL, 'Strand Solar Install', NULL, 'AZ', 'Applied-Deficient', NULL, NULL, '85142', 'B22-4383', NULL);
INSERT INTO `app_urlresults` VALUES (122, '2022-12-15 08:44:29.000977', 29, '751 S WARNER AVE', NULL, ' Boise', '2022-12-14', NULL, NULL, NULL, NULL, 'Homeowner PV-Lemay', NULL, 'ID', 'Issued', NULL, NULL, '83709', 'ELE22-04811', NULL);
INSERT INTO `app_urlresults` VALUES (123, '2022-12-15 08:44:29.057081', 29, '901 N 31ST ST', NULL, ' Boise', '2022-12-14', NULL, NULL, NULL, NULL, 'Torres Solar', NULL, 'ID', 'Issued', NULL, NULL, '83702', 'ELE22-04809', NULL);
INSERT INTO `app_urlresults` VALUES (124, '2022-12-15 08:44:29.119927', 28, '20981 01 E SADDLE WAY', NULL, ' QUEEN CREEK', '2022-12-09', NULL, NULL, NULL, NULL, 'PV SOLAR, LOT 115, QUEENLAND MANOR', NULL, 'AZ', 'Plan Review Approved', NULL, NULL, '85142', 'B22-4380', NULL);
INSERT INTO `app_urlresults` VALUES (125, '2022-12-15 08:44:29.120928', 29, '1614 N 14TH ST', NULL, ' Boise', '2022-12-14', NULL, NULL, NULL, NULL, 'Lee - Solar Installation', NULL, 'ID', 'Issued', NULL, NULL, '83702', 'ELE22-04812', NULL);
INSERT INTO `app_urlresults` VALUES (126, '2022-12-15 08:44:29.208210', 28, '21390 01 S 222ND ST', NULL, ' QUEEN CREEK', '2022-12-09', NULL, NULL, NULL, NULL, 'PV SOLAR, LOT 96, CHARLESTON ESTATES', NULL, 'AZ', 'Plan Review Approved', NULL, NULL, '85142', 'B22-4381', NULL);
INSERT INTO `app_urlresults` VALUES (127, '2022-12-15 08:44:29.219798', 4, '6000 GREENWICH PIKE', NULL, 'LEXINGTON', '12/14/2022', NULL, NULL, NULL, NULL, NULL, NULL, 'KY', '', NULL, NULL, '40511', 'BLD-ELE-22-03093', 'ENDEAVOUR BLOODSTOCK LLC *');
INSERT INTO `app_urlresults` VALUES (128, '2022-12-15 08:44:29.280922', 29, '7155 W DENTON ST', NULL, ' Boise', '2022-12-13', NULL, NULL, NULL, NULL, 'AAA Oregon/ Idaho Solar PV Project', NULL, 'ID', 'Prescreen', NULL, NULL, '83704', 'BLD22-04146', NULL);
INSERT INTO `app_urlresults` VALUES (129, '2022-12-15 08:44:29.336552', 28, '22768 01 E MAYA RD', NULL, ' QUEEN CREEK', '2022-12-09', NULL, NULL, NULL, NULL, 'PV SOLAR, LOT 318, SPUR CROSS', NULL, 'AZ', 'Out for Corrections', NULL, NULL, '85142', 'B22-4374', NULL);
INSERT INTO `app_urlresults` VALUES (130, '2022-12-15 08:44:29.339564', 29, '3652 N OXBOW AVE', NULL, ' Boise', '2022-12-13', NULL, NULL, NULL, NULL, 'Solar for James Evans', NULL, 'ID', 'Issued', NULL, NULL, '83713', 'ELE22-04795', NULL);
INSERT INTO `app_urlresults` VALUES (131, '2022-12-15 08:44:29.399914', 28, '36029 04 N STONEWARE DR', NULL, ' QUEEN CREEK', '2022-12-09', NULL, NULL, NULL, NULL, 'PV SOLAR, LOT 2281, ENCANTERRA', NULL, 'AZ', 'Issued', NULL, NULL, '85140', 'B22-4375', NULL);
INSERT INTO `app_urlresults` VALUES (132, '2022-12-15 08:44:29.403918', 29, '6109 W OREANA DR', NULL, ' Boise', '2022-12-13', NULL, NULL, NULL, NULL, 'Homeowner PV-Baldwin', NULL, 'ID', 'Applicant Upload', NULL, NULL, '83709', 'BLD22-04135', NULL);
INSERT INTO `app_urlresults` VALUES (133, '2022-12-15 08:44:29.465866', 28, '22319 01 E CALLE DE FLORES ', NULL, ' QUEEN CREEK', '2022-12-09', NULL, NULL, NULL, NULL, 'PV SOLAR, LOT 11, VILLAGES', NULL, 'AZ', 'Out for Corrections', NULL, NULL, '85142', 'B22-4372', NULL);
INSERT INTO `app_urlresults` VALUES (134, '2022-12-15 08:44:29.472378', 29, '6006 S STURGEON WAY', NULL, ' Boise', '2022-12-13', NULL, NULL, NULL, NULL, 'Hugues Solar', NULL, 'ID', 'Issued', NULL, NULL, '83709', 'ELE22-04792', NULL);
INSERT INTO `app_urlresults` VALUES (135, '2022-12-15 08:44:31.581663', 20, '35790 Meadow Ridge Rd', 'Josh  Molacek ', 'Temecula ', '12/14/2022', NULL, NULL, NULL, NULL, 'Colangelo', NULL, 'CA', 'Submitted', NULL, NULL, '92592', 'PMT22-06482', NULL);
INSERT INTO `app_urlresults` VALUES (136, '2022-12-15 08:44:31.898810', 16, '7556 ASPEN COLOR ST', 'RODRIGUEZ DANIEL A & PATEK CHELSEA A *', 'Las Vegas', '12/14/2022', 'Installation of solar panels on existing residential roof. 6.08 kW.', NULL, NULL, NULL, 'Rodriguez Solar Install', NULL, 'NV', 'In Review', NULL, NULL, '89139', 'BD22-60528', NULL);
INSERT INTO `app_urlresults` VALUES (137, '2022-12-15 08:44:31.908321', 24, '1926 CLEVELAND ST', NULL, ' CLEARWATER', '2022-12-14', NULL, NULL, NULL, NULL, NULL, NULL, 'FL', 'In Review', NULL, NULL, '33765', 'BCP2022-120329', NULL);
INSERT INTO `app_urlresults` VALUES (138, '2022-12-15 08:44:31.950458', 24, '2972 DREW ST', NULL, ' CLEARWATER', '2022-12-13', NULL, NULL, NULL, NULL, NULL, NULL, 'FL', 'Active', NULL, NULL, '33759', 'BCP2022-120269', NULL);
INSERT INTO `app_urlresults` VALUES (139, '2022-12-15 08:44:32.068865', 24, '2308 HAWTHORNE DR', NULL, ' CLEARWATER', '2022-12-13', NULL, NULL, NULL, NULL, NULL, NULL, 'FL', 'Additional Info Required', NULL, NULL, '33763', 'BCP2022-120314', NULL);
INSERT INTO `app_urlresults` VALUES (140, '2022-12-15 08:44:32.100484', 33, 'DEL REFUGIO LOPEZ DE ESQUEDA MARIA', NULL, 'COMMERCE', '12/13/2022', NULL, NULL, NULL, NULL, NULL, NULL, 'CITY', 'Permit Issued', NULL, NULL, '80022', 'BDP22-3658', 'ESQUEDA ELIAS AND');
INSERT INTO `app_urlresults` VALUES (141, '2022-12-15 08:44:32.123527', 24, '2561 FRISCO DR', NULL, ' CLEARWATER', '2022-12-08', NULL, NULL, NULL, NULL, NULL, NULL, 'FL', 'Pending', NULL, NULL, '33761', 'BTR-0043134', NULL);
INSERT INTO `app_urlresults` VALUES (142, '2022-12-15 08:44:32.171115', 24, '1855 PRINCETON DR', NULL, ' CLEARWATER', '2022-12-08', NULL, NULL, NULL, NULL, NULL, NULL, 'FL', 'In Review', NULL, NULL, '33765', 'BCP2022-120191', NULL);
INSERT INTO `app_urlresults` VALUES (143, '2022-12-15 08:44:32.226788', 24, '2673 ST ANDREWS DR', NULL, ' 2 CLEARWATER', '2022-12-02', NULL, NULL, NULL, NULL, NULL, NULL, 'FL', 'Completed', NULL, NULL, '33761', 'BCP2022-080962A', NULL);
INSERT INTO `app_urlresults` VALUES (144, '2022-12-15 08:44:32.288545', 24, '625 N GARDEN AVE', NULL, ' CLEARWATER', '2022-12-02', NULL, NULL, NULL, NULL, NULL, NULL, 'FL', 'Additional Info Required', NULL, NULL, '33755', 'BCP2022-120063', NULL);
INSERT INTO `app_urlresults` VALUES (145, '2022-12-15 08:44:32.351670', 35, '13613 MONTE VISTA AVE', NULL, 'CHINO', '12/14/2022', NULL, NULL, NULL, NULL, 'Photovoltaic System', NULL, 'CA', 'Pending', NULL, NULL, '91710', 'B22-3713', 'GARCIA, KARIME');
INSERT INTO `app_urlresults` VALUES (146, '2022-12-15 08:44:33.579278', 4, '4101 TATES CREEK CENTRE DR STE 150', NULL, 'LEXINGTON', '12/14/2022', NULL, NULL, NULL, NULL, NULL, NULL, 'KY', 'Pay Fees Due', NULL, NULL, '40517', 'BLD-RHVAC-22-00635', 'JTB CONSTRUCTION LLC *');
INSERT INTO `app_urlresults` VALUES (147, '2022-12-15 08:44:33.670013', 20, '1555 Freedom Blvd', 'Camila  Rodriguez ', 'Provo ', '12/14/2022', NULL, NULL, NULL, NULL, 'Miguel Luna', NULL, 'CA', 'Submitted', NULL, NULL, '84604', 'PMT22-06475', NULL);
INSERT INTO `app_urlresults` VALUES (148, '2022-12-15 08:44:35.033961', 16, '2080 LOST MAPLE ST', 'JANES SYLVIA & DAVID N *', 'Las Vegas', '12/14/2022', 'Installation of solar panels on existing residential roof. 6.08 kW.', NULL, NULL, NULL, 'Janes Solar Install', NULL, 'NV', 'In Review', NULL, NULL, '89115', 'BD22-60499', NULL);
INSERT INTO `app_urlresults` VALUES (149, '2022-12-15 08:44:35.677807', 35, '12762 GUN AVE', NULL, 'CHINO', '12/14/2022', NULL, NULL, NULL, NULL, 'Photovoltaic System', NULL, 'CA', 'Applied', NULL, NULL, '91710', 'B22-3712', 'ARAYATA, FERDINAND M');
INSERT INTO `app_urlresults` VALUES (150, '2022-12-15 08:44:35.777566', 20, '1550 Magnolia Ave.', 'SUNRUN  SOLAR ', 'Corona ', '12/14/2022', NULL, NULL, NULL, NULL, 'Gary Lindemuth', NULL, 'CA', 'Submitted', NULL, NULL, '92879', 'PMT22-06474', NULL);
INSERT INTO `app_urlresults` VALUES (151, '2022-12-15 08:44:36.000492', 33, '16520 YAMPA WAY', NULL, 'BRIGHTON', '12/13/2022', NULL, NULL, NULL, NULL, NULL, NULL, 'CO', 'Permit Issued', NULL, NULL, '80601', 'BDP22-3656', 'EAR ISABEL L');
INSERT INTO `app_urlresults` VALUES (152, '2022-12-15 08:44:37.887627', 31, '3321 e atlanta ave', 'Madeline Vargas', 'phoenix', '12/14/2022', NULL, NULL, NULL, NULL, '', NULL, 'AZ', 'Initialized', NULL, NULL, '85040', 'B202217008', NULL);
INSERT INTO `app_urlresults` VALUES (153, '2022-12-15 08:44:38.075021', 4, 'PO BOX 54556', NULL, 'LEXINGTON', '12/14/2022', NULL, NULL, NULL, NULL, NULL, NULL, 'KY', '', NULL, NULL, '40555', 'BLD-SIGN-22-00319', 'WSR PROPERTIES LLC *');
INSERT INTO `app_urlresults` VALUES (154, '2022-12-15 08:44:38.140159', 20, '1550 Magnolia Ave.', 'SUNRUN  SOLAR ', 'Corona ', '12/14/2022', NULL, NULL, NULL, NULL, 'Alexandria Valino', NULL, 'CA', 'Submitted', NULL, NULL, '92879', 'PMT22-06472', NULL);
INSERT INTO `app_urlresults` VALUES (155, '2022-12-15 08:44:38.657674', 16, '6438 FLYING HORSE CT', 'ZENG MICHAEL F *', 'Las Vegas', '12/13/2022', 'PV INSTALL SOLAR PANELS ON ROOFTOP FOR EXISTING SFR WITH ENERGY STORAGE SYSTEM (ESS)', NULL, NULL, NULL, 'TESLA', NULL, 'NV', 'In Review', NULL, NULL, '89139', 'BD22-60388', NULL);
INSERT INTO `app_urlresults` VALUES (156, '2022-12-15 08:44:40.264394', 20, '2358 Cepheus Ct', 'Carl  Cancasci ', 'Bakersfield ', '12/14/2022', NULL, NULL, NULL, NULL, 'SA20221214-7-1082-563-A', NULL, 'CA', 'Issued', NULL, NULL, '93308', 'PMT22-06471', NULL);
INSERT INTO `app_urlresults` VALUES (157, '2022-12-15 08:44:41.496925', 19, '959 FREBIS AVE', 'MIKE  CALHOUN ', 'COLUMBUS, ', '12/14/2022', 'Run new gas line to heater. Separate plumbing and mechanical permits required.', NULL, NULL, NULL, NULL, NULL, 'OH, ', 'Issued', NULL, NULL, '43206', 'PLEX2249588', NULL);
INSERT INTO `app_urlresults` VALUES (158, '2022-12-15 08:44:42.022787', 16, '278 E NEAL AVE', 'GRANQUIST MARCELLA A & WALLER EILEEN M *', 'Las Vegas', '12/13/2022', 'Install 6.08kw Photovoltalic on rooftop- 16 panels, 2 Enphase Encharge 10', NULL, NULL, NULL, 'Marcella Granquist', NULL, 'NV', 'In Review', NULL, NULL, '89183', 'BD22-60349', NULL);
INSERT INTO `app_urlresults` VALUES (159, '2022-12-15 08:44:42.058851', 31, '525 W Baseline Rd', 'Angela Chirco', 'Mesa', '12/14/2022', NULL, NULL, NULL, NULL, '', NULL, 'AZ', 'Initialized', NULL, NULL, '85210', 'B202217006', NULL);
INSERT INTO `app_urlresults` VALUES (160, '2022-12-15 08:44:42.359935', 4, '4101 TATES CREEK CENTRE DR STE 150', NULL, 'LEXINGTON', '12/14/2022', NULL, NULL, NULL, NULL, NULL, NULL, 'KY', 'Pay Fees Due', NULL, NULL, '40517', 'BLD-RHVAC-22-00634', 'JTB CONSTRUCTION LLC *');
INSERT INTO `app_urlresults` VALUES (161, '2022-12-15 08:44:42.400038', 20, '36625 Kevin Rd', 'Christian  Hopwood ', 'Wildomar ', '12/14/2022', NULL, NULL, NULL, NULL, 'SA20221214-7-1081-987-A', NULL, 'CA', 'Issued', NULL, NULL, '95295', 'PMT22-06467', NULL);
INSERT INTO `app_urlresults` VALUES (162, '2022-12-15 08:44:43.091116', 25, '1614 Vinnie Rd SW', NULL, 'Albuquerque', '2022-12-14', 'Roof-Mounted Solar, 4.95kW', NULL, NULL, NULL, 'Solar', NULL, 'NM', 'In Review', NULL, NULL, '87105', 'BRSP2022-0601', NULL);
INSERT INTO `app_urlresults` VALUES (163, '2022-12-15 08:44:43.122671', 19, '5715 BEDFORD STREET', 'INGRID  LOMERA ', 'PASCO, ', '12/14/2022', 'PV SOLAR ROOF MOUNT INSTALLATION, 4.015KW, 1 CIRCUIT', NULL, NULL, NULL, NULL, NULL, 'WA, ', 'Active', NULL, NULL, '99301', 'PLEX2249614', NULL);
INSERT INTO `app_urlresults` VALUES (164, '2022-12-15 08:44:43.150246', 25, '929 Stuart Rd NW', NULL, 'Albuquerque', '2022-12-14', 'Roof-Mounted Solar, 11.70kW', NULL, NULL, NULL, 'Solar', NULL, 'NM', 'In Review', NULL, NULL, '87114', 'BRSP2022-0600', NULL);
INSERT INTO `app_urlresults` VALUES (165, '2022-12-15 08:44:43.208344', 25, '2276 Don Felipe Rd SW', NULL, 'Albuquerque', '2022-12-14', 'Roof-Mounted Solar, 5kW', NULL, NULL, NULL, 'Solar', NULL, 'NM', 'Pending', NULL, NULL, '87105', 'BRSP2022-0602', NULL);
INSERT INTO `app_urlresults` VALUES (166, '2022-12-15 08:44:43.265944', 25, '31 LAKEVIEW Dr', NULL, 'SANDIAPARK', '2022-12-13', 'Roof mounted solar, 10.4kW. Zoned R-1.', NULL, NULL, NULL, 'Solar', NULL, 'NM', 'Ready to Issue', NULL, NULL, '87047', 'BRSP2022-0596', NULL);
INSERT INTO `app_urlresults` VALUES (167, '2022-12-15 08:44:43.328089', 25, '3130 CYPRESS Dr SW', NULL, 'ALBUQUERQUE', '2022-12-13', 'Roof mounted solar, 6.660kW', NULL, NULL, NULL, 'Solar', NULL, 'NM', 'In Review', NULL, NULL, '87105', 'BRSP2022-0598', NULL);
INSERT INTO `app_urlresults` VALUES (168, '2022-12-15 08:44:43.399256', 25, '305 Procopio Pl SW', NULL, 'Albuquerque', '2022-12-13', 'Roof-Mounted Solar, 4.07kW', NULL, NULL, NULL, 'Solar', NULL, 'NM', 'In Review', NULL, NULL, '87105', 'BRSP2022-0597', NULL);
INSERT INTO `app_urlresults` VALUES (169, '2022-12-15 08:44:43.400257', 27, '159 E CALLE VIVAZ', NULL, 'GREENVALLEY', '12/14/2022', NULL, NULL, NULL, NULL, 'Leonardi/ Solar', NULL, 'AZ', 'In Review', NULL, NULL, '85614', 'SAH-22-01778', NULL);
INSERT INTO `app_urlresults` VALUES (170, '2022-12-15 08:44:43.455366', 27, '2505 E PAGE MILL DR', NULL, 'GREENVALLEY', '12/14/2022', NULL, NULL, NULL, NULL, 'HUTCHINSON / SOLAR', NULL, 'AZ', 'Submitted', NULL, NULL, '85614', 'SAH-22-01779', NULL);
INSERT INTO `app_urlresults` VALUES (171, '2022-12-15 08:44:43.463888', 25, '1910 AVENIDA LAS CAMPANAS NW', NULL, 'LosRanchosdeAlbuquerque', '2022-12-13', 'Roof mounted solar, 10kW. ***VLR***', NULL, NULL, NULL, 'Solar', NULL, 'NM', 'Ready to Issue', NULL, NULL, '87107', 'BRSP2022-0595', NULL);
INSERT INTO `app_urlresults` VALUES (172, '2022-12-15 08:44:43.509474', 27, '13939 S CAMINO LOS PICOS', NULL, 'SAHUARITA', '12/12/2022', NULL, NULL, NULL, NULL, 'Jarvis/ Solar', NULL, 'AZ', 'In Review', NULL, NULL, '85629', 'SAH-22-01770', NULL);
INSERT INTO `app_urlresults` VALUES (173, '2022-12-15 08:44:43.527593', 25, '11 Merlin Ln', NULL, 'SandiaPark', '2022-12-13', 'Roof Mounted Solar, 6.66kW', NULL, NULL, NULL, 'Solar', NULL, 'NM', 'In Review', NULL, NULL, '87047', 'BRSP2022-0599', NULL);
INSERT INTO `app_urlresults` VALUES (174, '2022-12-15 08:44:43.564659', 27, '14764 S PASEO PUENTE A LAS ESTRELLAS', NULL, 'SAHUARITA', '12/12/2022', NULL, NULL, NULL, NULL, 'Jamboretz/ Solar', NULL, 'AZ', 'In Review', NULL, NULL, '85629', 'SAH-22-01771', NULL);
INSERT INTO `app_urlresults` VALUES (175, '2022-12-15 08:44:43.590203', 25, '8803 Primrose Ct NE', NULL, 'Albuquerque', '2022-12-12', 'Roof mounted solar, 7.22kW', NULL, NULL, NULL, 'Solar', NULL, 'NM', 'Issued', NULL, NULL, '87122', 'BRSP2022-0594', NULL);
INSERT INTO `app_urlresults` VALUES (176, '2022-12-15 08:44:43.619588', 27, '1330 E QUARTZITE WY', NULL, 'GREENVALLEY', '12/12/2022', NULL, NULL, NULL, NULL, 'Rick/ Solar', NULL, 'AZ', 'Incomplete Submittal', NULL, NULL, '85614', 'SAH-22-01772', NULL);
INSERT INTO `app_urlresults` VALUES (177, '2022-12-15 08:44:43.657656', 25, '504 CHAVEZ Ave NW', NULL, '', '2022-12-12', 'Roof-mounted solar, 10kW.', NULL, NULL, NULL, 'Solar', NULL, 'NM', 'Ready to Issue', NULL, NULL, 'NM', 'BRSP2022-0592', NULL);
INSERT INTO `app_urlresults` VALUES (178, '2022-12-15 08:44:43.675178', 27, '575 N HALE DR', NULL, 'GREENVALLEY', '12/08/2022', NULL, NULL, NULL, NULL, 'Kosloske/ Solar', NULL, 'AZ', 'In Review', NULL, NULL, '85614', 'SAH-22-01764', NULL);
INSERT INTO `app_urlresults` VALUES (179, '2022-12-15 08:44:43.742337', 27, '1021 W CALLE NICOYA', NULL, 'SAHUARITA', '12/07/2022', NULL, NULL, NULL, NULL, 'Metzger/ Solar', NULL, 'AZ', 'In Review', NULL, NULL, '85629', 'SAH-22-01761', NULL);
INSERT INTO `app_urlresults` VALUES (180, '2022-12-15 08:44:43.810500', 27, '1242 E NATIVE GROVE LN', NULL, 'SAHUARITA', '12/06/2022', NULL, NULL, NULL, NULL, 'Baerwald/ Solar', NULL, 'AZ', 'Incomplete Submittal', NULL, NULL, '85629', 'SAH-22-01758', NULL);
INSERT INTO `app_urlresults` VALUES (181, '2022-12-15 08:44:43.869612', 27, '1279 W CAMINO MESA SONORENSE', NULL, 'SAHUARITA', '12/06/2022', NULL, NULL, NULL, NULL, 'Nelson/ Solar', NULL, 'AZ', 'In Review', NULL, NULL, '85629', 'SAH-22-01759', NULL);
INSERT INTO `app_urlresults` VALUES (182, '2022-12-15 08:44:43.937758', 27, '790 W CALLE CALCA', NULL, 'SAHUARITA', '12/05/2022', NULL, NULL, NULL, NULL, 'Seeber/ Solar', NULL, 'AZ', 'Incomplete Submittal', NULL, NULL, '85629', 'SAH-22-01754', NULL);
INSERT INTO `app_urlresults` VALUES (183, '2022-12-15 08:44:44.519023', 20, '1550 Magnolia Ave.', 'SUNRUN  SOLAR ', 'Corona ', '12/14/2022', NULL, NULL, NULL, NULL, 'Romeo Finch', NULL, 'CA', 'Issued', NULL, NULL, '92879', 'PMT22-06458', NULL);
INSERT INTO `app_urlresults` VALUES (184, '2022-12-15 08:44:44.762723', 19, '959 FREBIS AVE', 'MIKE  CALHOUN ', 'COLUMBUS, ', '12/14/2022', 'Run new gas line to heater. Separate plumbing and mechanical permits required.', NULL, NULL, NULL, NULL, NULL, 'OH, ', 'Issued', NULL, NULL, '43206', 'PLEX2249593', NULL);
INSERT INTO `app_urlresults` VALUES (185, '2022-12-15 08:44:45.339900', 16, '683 VERMEER ST', 'GOFF SCOTT & NICOLE *', 'Las Vegas', '12/13/2022', '17.760KW PV ROOF INSTALL', NULL, NULL, NULL, '661R-683GOFF', NULL, 'NV', 'In Review', NULL, NULL, '89110', 'BD22-60260', NULL);
INSERT INTO `app_urlresults` VALUES (186, '2022-12-15 08:44:46.277742', 31, '4219 e broadway ste102', 'edward craig', 'phoenix', '12/14/2022', NULL, NULL, NULL, NULL, '', NULL, 'AZ', 'Initialized', NULL, NULL, '85040', 'B202217005', NULL);
INSERT INTO `app_urlresults` VALUES (187, '2022-12-15 08:44:46.292260', 26, '391 E BURNEY GLEN DR', NULL, 'MERIDIAN', '12/14/2022', NULL, NULL, NULL, NULL, 'Jeremey Cureton PV', NULL, 'ID', 'In Progress', NULL, NULL, '83646', 'R-SOLAR-2022-0497', NULL);
INSERT INTO `app_urlresults` VALUES (188, '2022-12-15 08:44:46.343349', 26, '995 N PARKDALE AVE', NULL, 'MERIDIAN', '12/14/2022', NULL, NULL, NULL, NULL, 'James Mace', NULL, 'ID', 'In Progress', NULL, NULL, '83642', 'R-SOLAR-2022-0496', NULL);
INSERT INTO `app_urlresults` VALUES (189, '2022-12-15 08:44:46.390947', 26, '1204 W DELMAR DR', NULL, 'MERIDIAN', '12/14/2022', NULL, NULL, NULL, NULL, 'Porticade Construction LLC - Chrys Hopkins', NULL, 'ID', 'In Progress', NULL, NULL, '83646', 'R-SOLAR-2022-0495', NULL);
INSERT INTO `app_urlresults` VALUES (190, '2022-12-15 08:44:46.440087', 26, '2827 W TENUTA ST', NULL, 'MERIDIAN', '12/13/2022', NULL, NULL, NULL, NULL, 'Mark Piche', NULL, 'ID', 'In Progress', NULL, NULL, '83646', 'R-SOLAR-2022-0494', NULL);
INSERT INTO `app_urlresults` VALUES (191, '2022-12-15 08:44:46.487669', 26, '2105 N MORELLO PL', NULL, 'MERIDIAN', '12/13/2022', NULL, NULL, NULL, NULL, 'Wyatt Hewlett', NULL, 'ID', 'In Progress', NULL, NULL, '83646', 'R-SOLAR-2022-0493', NULL);
INSERT INTO `app_urlresults` VALUES (192, '2022-12-15 08:44:46.535274', 26, '4389 E SPORTIVO DR', NULL, 'MERIDIAN', '12/12/2022', NULL, NULL, NULL, NULL, 'Lumio HX / Jesse Victors', NULL, 'ID', 'In Progress', NULL, NULL, '83642', 'R-SOLAR-2022-0492', NULL);
INSERT INTO `app_urlresults` VALUES (193, '2022-12-15 08:44:46.586887', 26, '733 E GANNETT DR', NULL, 'MERIDIAN', '12/12/2022', NULL, NULL, NULL, NULL, 'Lumio HX / Darla Dobbins', NULL, 'ID', 'In Progress', NULL, NULL, '83642', 'R-SOLAR-2022-0491', NULL);
INSERT INTO `app_urlresults` VALUES (194, '2022-12-15 08:44:46.612429', 20, '1550 Magnolia Ave.', 'SUNRUN  SOLAR ', 'Corona ', '12/14/2022', NULL, NULL, NULL, NULL, 'Armando Sepulveda', NULL, 'CA', 'Submitted', NULL, NULL, '92879', 'PMT22-06456', NULL);
INSERT INTO `app_urlresults` VALUES (195, '2022-12-15 08:44:46.635273', 26, '1037 W ANTON DR', NULL, 'MERIDIAN', '12/09/2022', NULL, NULL, NULL, NULL, 'Benjamin Munoz - PV', NULL, 'ID', 'In Progress', NULL, NULL, '83646', 'R-SOLAR-2022-0490', NULL);
INSERT INTO `app_urlresults` VALUES (196, '2022-12-15 08:44:46.686864', 26, '2889 N CHANCERY PL', NULL, 'MERIDIAN', '12/09/2022', NULL, NULL, NULL, NULL, 'Christopher Nicholas - Solar', NULL, 'ID', 'In Progress', NULL, NULL, '83646', 'R-SOLAR-2022-0489', NULL);
INSERT INTO `app_urlresults` VALUES (197, '2022-12-15 08:44:46.715914', 19, '5255 SINCLAIR RD', 'BEVERLY  PONDER ', 'COLUMBUS, ', '12/13/2022', 'PROVIDE AND INSTALL (1) NEW SIDE STREAM FILTER & ASSOCIATED PIPING FOR CONDENSER WATER SYSTEM PER DRAWINGS', NULL, NULL, NULL, NULL, NULL, 'OH, ', 'Active', NULL, NULL, '43229', 'PLEX2249269', NULL);
INSERT INTO `app_urlresults` VALUES (198, '2022-12-15 08:44:46.734947', 26, '2502 S HOOD RANCH AVE', NULL, 'MERIDIAN', '12/09/2022', NULL, NULL, NULL, NULL, 'Kent Heasley - Solar', NULL, 'ID', 'Withdrawn', NULL, NULL, '83642', 'R-SOLAR-2022-0488', NULL);
INSERT INTO `app_urlresults` VALUES (199, '2022-12-15 08:44:48.449441', 16, '8374 PALLADIUM ST', 'HIMOR GERARDO & COSTA SHIRLEY *', 'Las Vegas', '12/13/2022', 'Installation of solar panels on existing residential roof. 5.7 kW.', NULL, NULL, NULL, 'Himor Solar Install', NULL, 'NV', 'In Review', NULL, NULL, '89113', 'BD22-60257', NULL);
INSERT INTO `app_urlresults` VALUES (200, '2022-12-15 08:44:48.629776', 19, '1403 N RESEARCH WAY', 'LEAH  HAROUNI ', 'OREM, ', '12/13/2022', 'INSTALLATINO OF 9.6 KW ROOF MOUNTED UTILITY INERACTIVE PHOTOVOLTAIC SOLAR PANELS', NULL, NULL, NULL, NULL, NULL, 'UT, ', 'Under Review', NULL, NULL, '84097', 'PLEX2249357', NULL);
INSERT INTO `app_urlresults` VALUES (201, '2022-12-15 08:44:48.729767', 20, '1815 E Wilshire Blvd', 'Jessica  Hamilton ', 'Santa Ana ', '12/13/2022', NULL, NULL, NULL, NULL, 'Lucas Burns_BE44728', NULL, 'CA', 'Issued', NULL, NULL, '92705', 'PMT22-06411', NULL);
INSERT INTO `app_urlresults` VALUES (202, '2022-12-15 08:44:50.533713', 19, '1403 N RESEARCH WAY', 'LEAH  HAROUNI ', 'OREM, ', '12/13/2022', 'INSTALLATION OF 4.4 KW ROOF MOUNTED UTILITY INTERACTIVE PHOTOVOLTAIC SOLAR PANELS', NULL, NULL, NULL, NULL, NULL, 'UT, ', 'Under Review', NULL, NULL, '84097', 'PLEX2249356', NULL);
INSERT INTO `app_urlresults` VALUES (203, '2022-12-15 08:44:50.859073', 31, '4116 E Superior Ave', 'April Carrier', 'Suite 5E', '12/14/2022', NULL, NULL, NULL, NULL, '', NULL, 'Phoenix', 'Initialized', NULL, NULL, 'AZ', 'B202216990', NULL);
INSERT INTO `app_urlresults` VALUES (204, '2022-12-15 08:44:51.794731', 16, '700 SCHULTZ ST', 'OSYSKO JOHN & BELGRAVE TERESA *', 'Las Vegas', '12/13/2022', 'Professional Rooftop Installation of Black on Black Solar Panels', NULL, NULL, NULL, 'Teresa Belgrave', NULL, 'NV', 'In Review', NULL, NULL, '60439', 'BD22-60214', NULL);
INSERT INTO `app_urlresults` VALUES (205, '2022-12-15 08:44:52.413875', 19, '2578 W 600   SUITE 100', 'KALIE  NELSON ', 'LINDON, ', '12/13/2022', 'SFD SOLAR PLAN EXAM', NULL, NULL, NULL, NULL, NULL, 'UT, ', 'Active', NULL, NULL, '84042', 'PLEX2249352', NULL);
INSERT INTO `app_urlresults` VALUES (206, '2022-12-15 08:44:54.331969', 19, '2578 W 600   SUITE 100', 'PABLO  AGUILAR ', 'LINDON, ', '12/13/2022', 'SFD SOLAR PLAN EXAM', NULL, NULL, NULL, NULL, NULL, 'UTAH, ', 'Active', NULL, NULL, '84042', 'PLEX2249350', NULL);
INSERT INTO `app_urlresults` VALUES (207, '2022-12-15 08:44:54.420667', 31, '6150 W Chandler Blvd 17', 'Fusion Power', 'Chandler', '12/14/2022', NULL, NULL, NULL, NULL, '', NULL, 'AZ', 'Initialized', NULL, NULL, '85226', 'B202216970', NULL);
INSERT INTO `app_urlresults` VALUES (208, '2022-12-15 08:44:56.047556', 19, '1925 ST CLAIR AVE  NE', 'REYNARD  MCPHERSON ', 'CLEVELAND, ', '12/13/2022', 'SFD PLAN EXAM SOLAR', NULL, NULL, NULL, NULL, NULL, 'OH, ', 'Active', NULL, NULL, '44114', 'PLEX2249345', NULL);
INSERT INTO `app_urlresults` VALUES (209, '2022-12-15 08:44:57.869820', 32, '1019 BELLA VISTA AVE', NULL, 'Oakland', '12/14/2022', 'INSTALLATION OF ROOF-MOUNTED PV SYSTEM - 7.83 KW (18 MODULES)', NULL, NULL, NULL, NULL, NULL, 'CA', 'Created', NULL, NULL, '94610', 'SE2201971', NULL);
INSERT INTO `app_urlresults` VALUES (210, '2022-12-15 08:44:57.917394', 32, '2911 MAGNOLIA ST', NULL, 'Oakland', '12/14/2022', '4.8Kw Roof mount Solar (12) panels', NULL, NULL, NULL, NULL, NULL, 'CA', 'Created', NULL, NULL, '94608', 'SE2201970', NULL);
INSERT INTO `app_urlresults` VALUES (211, '2022-12-15 08:44:57.964997', 32, '5217 MARKET ST', NULL, 'Oakland', '12/14/2022', 'Solar Roof Mount 3.2 KW, 8 Modules, and 8 Microinverters', NULL, NULL, NULL, NULL, NULL, 'CA', 'Created', NULL, NULL, '94608', 'SE2201969', NULL);
INSERT INTO `app_urlresults` VALUES (212, '2022-12-15 08:44:58.003060', 19, '4777 ROBERTS ROAD', 'PHILIP  MAGUIRE ', 'COLUMBUS, ', '12/13/2022', 'INSTALLATION OF 19 ROOF MOUNT QCELL 365 PV SOLAR PANELS ON EXISTING RESIDENTIAL HOME. MSPU REQUIRED', NULL, NULL, NULL, NULL, NULL, 'OHIO, ', 'Active', NULL, NULL, '43228', 'PLEX2249327', NULL);
INSERT INTO `app_urlresults` VALUES (213, '2022-12-15 08:44:58.014581', 32, '9413 DUNBAR DR', NULL, 'Oakland', '12/14/2022', 'PV roof mount 10kW 25 panels', NULL, NULL, NULL, NULL, NULL, 'CA', 'Created', NULL, NULL, '94603', 'SE2201968', NULL);
INSERT INTO `app_urlresults` VALUES (214, '2022-12-15 08:44:58.065682', 32, '3166 HOOD ST', NULL, 'Oakland', '12/14/2022', 'Rooftop Solar PV Installation', NULL, NULL, NULL, NULL, NULL, 'CA', 'Created', NULL, NULL, '94603', 'SE2201967', NULL);
INSERT INTO `app_urlresults` VALUES (215, '2022-12-15 08:44:58.117782', 32, '4405 WEST ST', NULL, 'Oakland', '12/14/2022', 'New PV Installation, Roof Mounted, System Size 3.20kw, 8 Modules', NULL, NULL, NULL, NULL, NULL, 'CA', 'Created', NULL, NULL, '94608', 'SE2201966', NULL);
INSERT INTO `app_urlresults` VALUES (216, '2022-12-15 08:44:58.165350', 32, '2818 MINNA AVE', NULL, 'Oakland', '12/14/2022', 'New PV Installation, Roof Mounted, System Size 3.20kw, 8 Modules', NULL, NULL, NULL, NULL, NULL, 'CA', 'Created', NULL, NULL, '94619', 'SE2201965', NULL);
INSERT INTO `app_urlresults` VALUES (217, '2022-12-15 08:44:58.212940', 32, '3131 MAGNOLIA ST', NULL, 'Oakland', '12/14/2022', '6.40 kW Roof Mount Solar Installation with 16 CANADIAN SOLAR CS1Y-400MS (400W) MODULES and 4 HOYMILES HM-1200NT MICROINVERTERS', NULL, NULL, NULL, NULL, NULL, 'CA', 'Created', NULL, NULL, '94608', 'SE2201964', NULL);
INSERT INTO `app_urlresults` VALUES (218, '2022-12-15 08:44:58.260016', 32, '14 BARNER PL', NULL, 'Oakland', '12/13/2022', 'Installing 4.51KW Roof Mounted System with (11) Panasonic EverVolt EVPV410H panels; (1) SolarEdge HD Wave SE6000H-US inverter. Applying for Separate Permit for (1) 200A Sub Panel.', NULL, NULL, NULL, NULL, NULL, 'CA', 'Created', NULL, NULL, '94602', 'SE2201963', NULL);
INSERT INTO `app_urlresults` VALUES (219, '2022-12-15 08:44:58.306588', 32, '8014 HILLSIDE ST', NULL, 'Oakland', '12/13/2022', '4.095 kW Roof mount solar installation with 9 SOLAREVER SE-166*83-455M-144(455W) MODULES and 5 AP SYSTEM DS3-L MICROINVERTERS', NULL, NULL, NULL, NULL, NULL, 'CA', 'Created', NULL, NULL, '94605', 'SE2201962', NULL);
INSERT INTO `app_urlresults` VALUES (220, '2022-12-15 08:44:58.359720', 32, '5709 GENOA ST', NULL, 'Oakland', '12/13/2022', 'INSTALLATION OF ROOF-MOUNTED PV SYSTEM - 6.38 KW (15 MODULES)', NULL, NULL, NULL, NULL, NULL, 'CA', 'Created', NULL, NULL, '94608', 'SE2201961', NULL);
INSERT INTO `app_urlresults` VALUES (221, '2022-12-15 08:44:58.408315', 32, '1630 89TH AVE', NULL, 'Oakland', '12/13/2022', 'Residential installation of a 3.600 kW roof-mounted solar system with 9 panels. PV array area of 187.99 sqft.', NULL, NULL, NULL, NULL, NULL, 'CA', 'Created', NULL, NULL, '94621', 'SE2201960', NULL);
INSERT INTO `app_urlresults` VALUES (222, '2022-12-15 08:44:58.447901', 17, '17402 AVENIDA LOS ALTOS', NULL, 'SALINAS', '12/13/2022', NULL, NULL, NULL, NULL, NULL, NULL, 'CA', 'Submitted via ACA', NULL, NULL, '93907', '22CP03758', NULL);
INSERT INTO `app_urlresults` VALUES (223, '2022-12-15 08:44:58.458416', 32, '954 46TH ST', NULL, 'Oakland', '12/13/2022', 'Rooftop Solar PV Installation', NULL, NULL, NULL, NULL, NULL, 'CA', 'Created', NULL, NULL, '94608', 'SE2201959', NULL);
INSERT INTO `app_urlresults` VALUES (224, '2022-12-15 08:44:58.494993', 17, '80 CORRAL DE TIERRA', NULL, 'SALINAS', '12/13/2022', NULL, NULL, NULL, NULL, NULL, NULL, 'CA', 'Applied', NULL, NULL, '93908', '22CP03765', NULL);
INSERT INTO `app_urlresults` VALUES (225, '2022-12-15 08:44:58.513027', 32, '764 58TH ST', NULL, 'Oakland', '12/13/2022', 'New PV Installation, Roof Mounted, System Size 5.60kw, 14 Modules. PROJECT WILL REQUIRE SEPARATE ELECTRICAL PERMIT FOR NEW SUB-PANEL', NULL, NULL, NULL, NULL, NULL, 'CA', 'OTC', NULL, NULL, '94609', 'SE2201958', NULL);
INSERT INTO `app_urlresults` VALUES (226, '2022-12-15 08:44:58.537075', 17, '12800 CORTE CORDILLERA', NULL, 'SALINAS', '12/12/2022', NULL, NULL, NULL, NULL, NULL, NULL, 'CA', 'Applied', NULL, NULL, '93908', '22CP03754', NULL);
INSERT INTO `app_urlresults` VALUES (227, '2022-12-15 08:44:58.545085', 15, '498 E KELSO AVE', NULL, 'FRESNO', '12/14/2022', 'Roof mount PV system, 22 modules, 8.58 kWDC.', NULL, NULL, NULL, 'C Golden SFR PV', NULL, 'CA', 'Routed for Review', NULL, NULL, '93720', 'B22-18444', NULL);
INSERT INTO `app_urlresults` VALUES (228, '2022-12-15 08:44:58.566623', 32, '4233 MONTGOMERY ST', NULL, 'Oakland', '12/13/2022', 'Rooftop Solar PV Installation. PROJECT WILL REQUIRE SEPARATE ELECTRICAL PERMIT FOR NEW SUB-PANEL', NULL, NULL, NULL, NULL, NULL, 'CA', 'OTC', NULL, NULL, '94611', 'SE2201957', NULL);
INSERT INTO `app_urlresults` VALUES (229, '2022-12-15 08:44:58.579150', 17, '331 S SANBORN RD', NULL, 'SALINAS(CITY)', '12/09/2022', NULL, NULL, NULL, NULL, NULL, NULL, 'CA', 'Applied', NULL, NULL, '93901', '22CP03740', NULL);
INSERT INTO `app_urlresults` VALUES (230, '2022-12-15 08:44:58.604192', 15, '10411 N WILLOW RIDGE CT', NULL, 'FRESNO', '12/14/2022', 'Roof mounted PV system, 26 modules, 10.14 kWDC.', NULL, NULL, NULL, 'D Collins SFR PV', NULL, 'CA', 'Routed for Review', NULL, NULL, '93730', 'B22-18441', NULL);
INSERT INTO `app_urlresults` VALUES (231, '2022-12-15 08:44:58.618222', 32, '692 42ND ST', NULL, 'Oakland', '12/12/2022', 'ROOF MOUNTED SOLAR PHOTOVOLTAIC MODULES SYSTEM SIZE: 5.040 KW + INSTALLATION OF EV OUTLET (MSP UPGRADE HAS BEEN APPLIED FOR SEPARATELY - PLEASE DO NOT INCLUDE IN THIS SUBMITTAL). PROJECT WILL REQUIRE SEPARATE ELECTRICAL PERMIT FOR NEW SERVICE.', NULL, NULL, NULL, NULL, NULL, 'CA', 'OTC', NULL, NULL, '94609', 'SE2201956', NULL);
INSERT INTO `app_urlresults` VALUES (232, '2022-12-15 08:44:58.621225', 17, '610 MIDDLEFIELD RD', NULL, 'SALINAS', '12/09/2022', NULL, NULL, NULL, NULL, NULL, NULL, 'CA', 'Submitted via ACA', NULL, NULL, '93906', '22CP03741', NULL);
INSERT INTO `app_urlresults` VALUES (233, '2022-12-15 08:44:58.669425', 15, '733 N ECHO AVE', NULL, 'FRESNO', '12/14/2022', 'SFR PV Install 10.80 kW DC system size, 27 PV Modules and 27 Inverters. Roof type: Comp Shingle', NULL, NULL, NULL, 'SFR PV Install', NULL, 'CA', 'Routed for Review', NULL, NULL, '93728', 'B22-18431', NULL);
INSERT INTO `app_urlresults` VALUES (234, '2022-12-15 08:44:58.671427', 17, '1155 EAGLE HILL RD', NULL, 'ROYALOAKS', '12/08/2022', NULL, NULL, NULL, NULL, NULL, NULL, 'CA', 'Submitted via ACA', NULL, NULL, '95076', '22CP03715', NULL);
INSERT INTO `app_urlresults` VALUES (235, '2022-12-15 08:44:58.676934', 32, '3230 LIESE AVE', NULL, 'Oakland', '12/12/2022', 'INSTALL 10.4kW Modules Roof Mounted PV to serve to 3234 Liese Ave. NEW SQUARE D LOAD CENTER WILL REQUIRE A SEPARATE RE PERMIT.', NULL, NULL, NULL, NULL, NULL, 'CA', 'OTC', NULL, NULL, '94619', 'SE2201955', NULL);
INSERT INTO `app_urlresults` VALUES (236, '2022-12-15 08:44:58.726622', 17, '10780 SEYMOUR ST', NULL, 'CASTROVILLE', '12/08/2022', NULL, NULL, NULL, NULL, NULL, NULL, 'CA', 'Submitted via ACA', NULL, NULL, '95012', '22CP03716', NULL);
INSERT INTO `app_urlresults` VALUES (237, '2022-12-15 08:44:58.742748', 15, '4746 E KAVILAND AVE', NULL, 'FRESNO', '12/14/2022', 'Roof mount solar', NULL, NULL, NULL, 'Gurrola Solar', NULL, 'CA', 'Routed for Review', NULL, NULL, '93725', 'B22-18423', NULL);
INSERT INTO `app_urlresults` VALUES (238, '2022-12-15 08:44:58.745751', 32, '3938 HUNTINGTON ST', NULL, 'Oakland', '12/12/2022', 'ROOFTOP SOLAR PV INSTALL, 8 MODULES, 3.12 kWDC, 3.8kWAC, 1(N) 200A MPR WILL REQUIRE A SEPARATE RE PERMIT.', NULL, NULL, NULL, NULL, NULL, 'CA', 'OTC', NULL, NULL, '94619', 'SE2201954', NULL);
INSERT INTO `app_urlresults` VALUES (239, '2022-12-15 08:44:58.775302', 17, '18779 REA AVE', NULL, 'AROMAS', '12/08/2022', NULL, NULL, NULL, NULL, NULL, NULL, 'CA', 'Submitted via ACA', NULL, NULL, '95004', '22CP03721', NULL);
INSERT INTO `app_urlresults` VALUES (240, '2022-12-15 08:44:58.803856', 32, '2521 84TH AVE', NULL, 'Oakland', '12/12/2022', 'Installing 9 Roof Mounted Solar Panels. 3.915kW.', NULL, NULL, NULL, NULL, NULL, 'CA', 'OTC', NULL, NULL, '94605', 'SE2201953', NULL);
INSERT INTO `app_urlresults` VALUES (241, '2022-12-15 08:44:58.811153', 15, '1595 S ADLER AVE', NULL, 'FRESNO', '12/14/2022', 'Solar roof mount, 45 modules, 18.00kw, Install new 200a MSP with dedicated PV input', NULL, NULL, NULL, 'SFR PV', NULL, 'CA', 'Routed for Review', NULL, NULL, '93727', 'B22-18415', NULL);
INSERT INTO `app_urlresults` VALUES (242, '2022-12-15 08:44:58.824683', 17, '35 POPPY LN', NULL, '', '12/08/2022', NULL, NULL, NULL, NULL, NULL, NULL, 'CA', 'Issued', NULL, NULL, 'B', '22CP03723', NULL);
INSERT INTO `app_urlresults` VALUES (243, '2022-12-15 08:44:58.869349', 32, '2907 MILLSBRAE AVE', NULL, 'Oakland', '12/12/2022', '6.84 kW (DC) SOLAR ARRAY: (19) PANASONIC 360W PV MODULES:EVPV360PK, (19) IQ8+ ENPHASE MODULE LEVEL MICROINVERTERS (1) STRING OF (10) MODULES (1) STRING OF (9) MODULES', NULL, NULL, NULL, NULL, NULL, 'CA', 'OTC', NULL, NULL, '94605', 'SE2201952', NULL);
INSERT INTO `app_urlresults` VALUES (244, '2022-12-15 08:44:58.874353', 17, '6523 FRANKIE LN', NULL, 'SALINAS', '12/07/2022', NULL, NULL, NULL, NULL, NULL, NULL, 'CA', 'Incomplete', NULL, NULL, '93907', '22CP03695', NULL);
INSERT INTO `app_urlresults` VALUES (245, '2022-12-15 08:44:58.878872', 15, '6414 W NORWICH AVE', NULL, 'FRESNO', '12/14/2022', 'Roof mount PV system, 9 modules, 3.51 kWDC.', NULL, NULL, NULL, 'C Gonzalez SFR PV', NULL, 'CA', 'Routed for Review', NULL, NULL, '93723', 'B22-18405', NULL);
INSERT INTO `app_urlresults` VALUES (246, '2022-12-15 08:44:58.921977', 17, '129 LIVE OAK RD', NULL, 'ROYALOAKS', '12/07/2022', NULL, NULL, NULL, NULL, NULL, NULL, 'CA', 'Applied', NULL, NULL, '95076', '22CP03696', NULL);
INSERT INTO `app_urlresults` VALUES (247, '2022-12-15 08:44:58.967064', 17, '14892 BLUE OAK PL', NULL, 'SALINAS', '12/07/2022', NULL, NULL, NULL, NULL, NULL, NULL, 'CA', 'Submitted via ACA', NULL, NULL, '93907', '22CP03697', NULL);
INSERT INTO `app_urlresults` VALUES (248, '2022-12-15 08:44:58.999625', 15, '9285 N PAULA AVE', NULL, 'FRESNO', '12/14/2022', '4 kw roof mounted solar installation, 10 panels with microinverters', NULL, NULL, NULL, '257303 Meqdad', NULL, 'CA', 'Routed for Review', NULL, NULL, '93720', 'B22-18400', NULL);
INSERT INTO `app_urlresults` VALUES (249, '2022-12-15 08:44:59.010140', 17, '26100 HAWKS FLIGHT RD', NULL, 'SALINAS', '12/07/2022', NULL, NULL, NULL, NULL, NULL, NULL, 'CA', 'Applied', NULL, NULL, '93908', '22CP03703', NULL);
INSERT INTO `app_urlresults` VALUES (250, '2022-12-15 08:44:59.062237', 17, '19 RING LN', NULL, 'CARMELVALLEY', '12/07/2022', NULL, NULL, NULL, NULL, NULL, NULL, 'CA', 'Submitted via ACA', NULL, NULL, '93924', '22CP03706', NULL);
INSERT INTO `app_urlresults` VALUES (251, '2022-12-15 08:44:59.103293', 17, '24 UPPER CIRCLE', NULL, 'CARMELVALLEY', '12/06/2022', NULL, NULL, NULL, NULL, NULL, NULL, 'CA', 'Incomplete', NULL, NULL, '93924', '22CP03681', NULL);
INSERT INTO `app_urlresults` VALUES (252, '2022-12-15 08:44:59.143881', 17, '0 Prestancia CIR', NULL, 'Salinas', '12/05/2022', NULL, NULL, NULL, NULL, NULL, NULL, 'CA', 'Applied', NULL, NULL, '93908', '22CP03676', NULL);
INSERT INTO `app_urlresults` VALUES (253, '2022-12-15 08:44:59.184948', 17, '17822 PESANTE RD', NULL, 'SALINAS', '12/03/2022', NULL, NULL, NULL, NULL, NULL, NULL, 'CA', 'Applied', NULL, NULL, '93907', '22CP03668', NULL);
INSERT INTO `app_urlresults` VALUES (254, '2022-12-15 08:44:59.226574', 17, '19322 CREEKSIDE CIR', NULL, 'SALINAS', '12/02/2022', NULL, NULL, NULL, NULL, NULL, NULL, 'CA', 'Applied', NULL, NULL, '93908', '22CP03663', NULL);
INSERT INTO `app_urlresults` VALUES (255, '2022-12-15 08:44:59.269167', 17, '260 CALLE DE LOS AGRINEMSORS', NULL, 'CARMELVALLEY', '12/01/2022', NULL, NULL, NULL, NULL, NULL, NULL, 'CA', 'Applied', NULL, NULL, '93924', '22CP03654', NULL);
INSERT INTO `app_urlresults` VALUES (256, '2022-12-15 08:45:00.753599', 14, '2578 W 600 N Suite 100', 'Permitting  Department ', 'Lehi, ', '12/14/2022', 'PV Solar install of 8 panels on existing residential roof; System size 3.2 kw', NULL, '$5,200.00', NULL, 'Pv Solar install for Cindi Jo Leech', NULL, 'UT ', '', NULL, NULL, '84043', 'BLD2022-10396', NULL);
INSERT INTO `app_urlresults` VALUES (257, '2022-12-15 08:45:02.080443', 1, '7660 ESSEX WAY NA', 'SORGE, CONNOR R et al ', '  RENO', '12/14/2022', 'SOLAR. ROOF MOUNTED 16 MODULE(S)', NULL, '$21,000.00', NULL, '', NULL, 'NV', 'In Plan Review', NULL, NULL, '89506', 'BLD23-05850E', NULL);
INSERT INTO `app_urlresults` VALUES (258, '2022-12-15 08:45:02.275272', 2, ' 2314 Westwood St ', NULL, 'San Diego', '12/14/2022', 'Standard-Photovoltaic:2314/Westwood', NULL, NULL, NULL, 'Standard-Photovoltaic:2314/Westwood', NULL, 'CA', 'In Queue', NULL, NULL, NULL, 'PRJ-1079353', NULL);
INSERT INTO `app_urlresults` VALUES (259, '2022-12-15 08:45:03.856891', 14, '313 W 12800 S unit 307', 'Christopher  Vargas ', 'Draper, ', '12/13/2022', 'Solar/ESS/ Tesla Backup Switch (1624171)', NULL, '$39,292.00', NULL, 'JB-8411594-00 Lee Goldberg', NULL, 'Utah ', '', NULL, NULL, '84020', 'BLD2022-10344', NULL);
INSERT INTO `app_urlresults` VALUES (260, '2022-12-15 08:45:04.639545', 1, '7885 N VIRGINIA ST NA', 'WAGNER LIVING TRUST ', '  RENO', '12/14/2022', 'SOLAR. ROOF MOUNTED 20 MODULE(S)', NULL, '$30,310.15', NULL, '', NULL, 'NV', 'Submittal Incomplete', NULL, NULL, '89506', 'BLD23-05852E', NULL);
INSERT INTO `app_urlresults` VALUES (261, '2022-12-15 08:45:04.743719', 2, ' 9241 Stargaze Av ', NULL, 'San Diego', '12/14/2022', 'Standard-Photovoltaic:9241/Stargaze', NULL, NULL, NULL, 'Standard-Photovoltaic:9241/Stargaze', NULL, 'CA', 'In Queue', NULL, NULL, NULL, 'PRJ-1079345', NULL);
INSERT INTO `app_urlresults` VALUES (262, '2022-12-15 08:45:04.840957', 31, '1414 Harbour Way South', 'Crystel Roxas', 'Richmond', '12/14/2022', NULL, NULL, NULL, NULL, '', NULL, 'CA', 'Initialized', NULL, NULL, '94804', 'B202216966', NULL);
INSERT INTO `app_urlresults` VALUES (263, '2022-12-15 08:45:06.976775', 14, '1953 W 2425 S', 'Kilee  Russell ', 'Woodcross, ', '12/13/2022', 'To install a 9.43kW PV roof-mounted solar array.', NULL, '$7,595.15', NULL, 'Burningham Solar Array', NULL, 'UT ', 'In For Review', NULL, NULL, '84087', 'BLD2022-10339', NULL);
INSERT INTO `app_urlresults` VALUES (264, '2022-12-15 08:45:07.078939', 2, ' 4047 Bernice Dr ', NULL, 'San Diego', '12/14/2022', 'Standard-Photovoltaic:4047/Bernice', NULL, NULL, NULL, 'Standard-Photovoltaic:4047/Bernice', NULL, 'CA', 'In Queue', NULL, NULL, NULL, 'PRJ-1079344', NULL);
INSERT INTO `app_urlresults` VALUES (265, '2022-12-15 08:45:07.119008', 1, '1680 GULCH WAY NA', 'PRUTZMAN, THOMAS G & NICOLE P ', '  RENO', '12/14/2022', 'SOLAR. GLASS ROOF. 19 MODULE(S)', NULL, '$37,305.66', NULL, '', NULL, 'NV', 'Accepted', NULL, NULL, '89521', 'BLD23-05861E', NULL);
INSERT INTO `app_urlresults` VALUES (266, '2022-12-15 08:45:09.401405', 2, ' 4451 Dawson Av ', NULL, 'San Diego', '12/14/2022', 'Standard-Photovoltaic:4451/Dawson', NULL, NULL, NULL, 'Standard-Photovoltaic:4451/Dawson', NULL, 'CA', 'In Queue', NULL, NULL, NULL, 'PRJ-1079341', NULL);
INSERT INTO `app_urlresults` VALUES (267, '2022-12-15 08:45:09.854204', 1, '2065 KAMI CT n/a', 'BOYDSTON FAMILY TRUST ', '  RENO', '12/14/2022', 'SOLAR. ROOF MOUNTED 35 MODULE(S) BATTERY STORAGE', NULL, '$21,000.00', NULL, '', NULL, 'NV', 'Accepted', NULL, NULL, '89509', 'BLD23-05863E', NULL);
INSERT INTO `app_urlresults` VALUES (268, '2022-12-15 08:45:09.880753', 14, '2047 S PAINTER LN', 'Majuma  Wesakania ', 'WEST HAVEN, ', '12/13/2022', 'Residential rooftop solar', NULL, '$10,310.00', NULL, 'Bramhall RFesidence', NULL, 'UT ', 'In For Review', NULL, NULL, '84401', 'BLD2022-10329', NULL);
INSERT INTO `app_urlresults` VALUES (269, '2022-12-15 08:45:11.820045', 2, ' 2222 Carmel Valley Rd ', NULL, 'San Diego', '12/14/2022', 'Standard-Photovoltaic:2222/Carmel Valley', NULL, NULL, NULL, 'Standard-Photovoltaic:2222/Carmel Valley', NULL, 'CA', 'In Queue', NULL, NULL, NULL, 'PRJ-1079335', NULL);
INSERT INTO `app_urlresults` VALUES (270, '2022-12-15 08:45:12.513998', 1, '8495 PIPER PL NA', 'DAWSON TRUST, JAMES M ', '  RENO', '12/14/2022', 'SOLAR. GLASS ROOF. 27 MODULE(S) SERVICE CHANGE', NULL, '$46,128.28', NULL, '', NULL, 'NV', 'Accepted', NULL, NULL, '89506', 'BLD23-05878E', NULL);
INSERT INTO `app_urlresults` VALUES (271, '2022-12-15 08:45:13.014298', 14, 'University Ave #900', 'Permit  Department ', 'Provo, ', '12/12/2022', 'INSTALLATION OF UTILITY INTERACTIVE PHOTOVOLTAIC SOLAR SYSTEM', NULL, '$4,788.00', NULL, 'Keene Solar Install', NULL, 'Utah ', '', NULL, NULL, '84604', 'BLD2022-10304', NULL);
INSERT INTO `app_urlresults` VALUES (272, '2022-12-15 08:45:14.272665', 2, ' 5318 Via Carancho ', NULL, 'San Diego', '12/14/2022', 'Standard-Photovoltaic:5318/Via Carancho', NULL, NULL, NULL, 'Standard-Photovoltaic:5318/Via Carancho', NULL, 'CA', 'In Queue', NULL, NULL, NULL, 'PRJ-1079332', NULL);
INSERT INTO `app_urlresults` VALUES (273, '2022-12-15 08:45:14.691910', 31, '1809 W 4th St', 'Cheyenne Powell', 'Tempe', '12/14/2022', NULL, NULL, NULL, NULL, '', NULL, 'AZ', 'Initialized', NULL, NULL, '85281', 'B202216961', NULL);
INSERT INTO `app_urlresults` VALUES (274, '2022-12-15 08:45:15.108515', 1, '3185 HEIGHTS DR NA', 'CEBALLOS-SALAS, ANTONIO et al ', '  RENO', '12/14/2022', 'SOLAR. ROOF MOUNTED 23 MODULE(S) SERVICE CHANGE', NULL, '$16,353.00', NULL, '', NULL, 'NV', 'Accepted', NULL, NULL, '89503', 'BLD23-05873E', NULL);
INSERT INTO `app_urlresults` VALUES (275, '2022-12-15 08:45:15.995799', 14, '1041 N 500 W, Suite 500', 'Marissa  Cardona ', 'Centerville, ', '12/12/2022', 'To install a 4.1kW PV roof-mounted solar array.', NULL, '$12,686.43', NULL, 'Ripplinger Solar Array', NULL, 'Utah ', 'In For Review', NULL, NULL, '84014', 'BLD2022-10289', NULL);
INSERT INTO `app_urlresults` VALUES (276, '2022-12-15 08:45:16.537285', 2, ' 1606 Buckingham Dr ', NULL, 'San Diego', '12/14/2022', 'Standard-Photovoltaic:1606/Buckingham', NULL, NULL, NULL, 'Standard-Photovoltaic:1606/Buckingham', NULL, 'CA', 'In Queue', NULL, NULL, NULL, 'PRJ-1079331', NULL);
INSERT INTO `app_urlresults` VALUES (277, '2022-12-15 08:45:17.600922', 1, '9570 HAWKSHEAD RD NA', 'MANALO FAMILY TRUST ', '  RENO', '12/13/2022', 'EV CHARGER. INTERIOR 1 CHARGER(S)', NULL, '$700.00', NULL, '', NULL, 'NV', 'In Plan Review', NULL, NULL, '89521', 'BLD23-05841E', NULL);
INSERT INTO `app_urlresults` VALUES (278, '2022-12-15 08:45:18.807253', 2, ' 13847 Kerry Ln ', NULL, 'San Diego', '12/14/2022', 'Standard-Photovoltaic:13847/Kerry', NULL, NULL, NULL, 'Standard-Photovoltaic:13847/Kerry', NULL, 'CA', 'In Queue', NULL, NULL, NULL, 'PRJ-1079324', NULL);
INSERT INTO `app_urlresults` VALUES (279, '2022-12-15 08:45:19.062038', 14, '2047 S PAINTER LN', 'Majuma  Wesakania ', 'WEST HAVEN, ', '12/09/2022', 'Residential roof top solar', NULL, '$26,040.00', NULL, 'Slaugh Residence', NULL, 'UT ', 'In For Review', NULL, NULL, '84401', 'BLD2022-10265', NULL);
INSERT INTO `app_urlresults` VALUES (280, '2022-12-15 08:45:20.151937', 1, '4991 GOLDEN SPRINGS DR NA', 'MARQUAND SEELMEYER FAMILY TRUST ', '  RENO', '12/13/2022', 'SOLAR. ROOF MOUNTED 9 MODULE(S)', NULL, '$5,256.00', NULL, '', NULL, 'NV', 'In Plan Review', NULL, NULL, '89509', 'BLD23-05799E', NULL);
INSERT INTO `app_urlresults` VALUES (281, '2022-12-15 08:45:21.291157', 2, ' 18610 Locksley St ', NULL, 'San Diego', '12/14/2022', 'Standard-Photovoltaic:18610/Locksley', NULL, NULL, NULL, 'Standard-Photovoltaic:18610/Locksley', NULL, 'CA', 'In Queue', NULL, NULL, NULL, 'PRJ-1079323', NULL);
INSERT INTO `app_urlresults` VALUES (282, '2022-12-15 08:45:21.938724', 14, '245 E 2150 N', 'Roxi  Santamaria ', 'LAYTON, ', '12/08/2022', 'Solar PV with battery', NULL, '$59,000.00', NULL, 'David Steinberg - Solar', NULL, 'UT ', '', NULL, NULL, '84041', 'BLD2022-10236', NULL);
INSERT INTO `app_urlresults` VALUES (283, '2022-12-15 08:45:22.585146', 1, '8718 LARKHAVEN CT NA', 'POLLOCK, DANYELLE & TRISTAN ', '  RENO', '12/13/2022', 'SOLAR. ROOF MOUNTED 19 MODULE(S)', NULL, '$11,096.00', NULL, '', NULL, 'NV', 'In Plan Review', NULL, NULL, '89523', 'BLD23-05800E', NULL);
INSERT INTO `app_urlresults` VALUES (284, '2022-12-15 08:45:23.575661', 2, ' 7680 Mcgonigle Tr ', NULL, 'San Diego', '12/14/2022', 'Standard-Photovoltaic:7680/Mcgonigle', NULL, NULL, NULL, 'Standard-Photovoltaic:7680/Mcgonigle', NULL, 'CA', 'In Queue', NULL, NULL, NULL, 'PRJ-1079322', NULL);
INSERT INTO `app_urlresults` VALUES (285, '2022-12-15 08:45:25.026830', 14, '112 W 13800 S #5', 'Sam  Knight ', 'Draper, ', '12/07/2022', 'Installing a solar (pv) system on the roof of customers home.', NULL, '$17,500.00', NULL, 'Converse Solar', NULL, 'Utah ', '', NULL, NULL, '84020', 'BLD2022-10204', NULL);
INSERT INTO `app_urlresults` VALUES (286, '2022-12-15 08:45:25.102958', 1, '2350 RIDGE FIELD TRL NA', 'LEE, SARAH ', '  RENO', '12/13/2022', 'EV CHARGER. INTERIOR 1 CHARGER(S)', NULL, '$1,100.00', NULL, '', NULL, 'NV', 'In Plan Review', NULL, NULL, '89523', 'BLD23-05842E', NULL);
INSERT INTO `app_urlresults` VALUES (287, '2022-12-15 08:45:28.189098', 14, '1580 S 500 W Suite 100', 'Amy  Morrison ', 'Salt Lake City, ', '12/07/2022', '7110 kW rooftop solar PV system', NULL, '$33,163.00', NULL, 'Shober Solar', NULL, 'UT ', 'Inspections', NULL, NULL, '84115', 'BLD2022-10197', NULL);

-- ----------------------------
-- Table structure for app_urls
-- ----------------------------
DROP TABLE IF EXISTS `app_urls`;
CREATE TABLE `app_urls`  (
  `id` bigint NOT NULL AUTO_INCREMENT,
  `url` longtext CHARACTER SET utf8mb4 COLLATE utf8mb4_0900_ai_ci NOT NULL,
  `description` longtext CHARACTER SET utf8mb4 COLLATE utf8mb4_0900_ai_ci NULL,
  `date_created` datetime(6) NOT NULL,
  `is_active` tinyint(1) NOT NULL,
  PRIMARY KEY (`id`) USING BTREE
) ENGINE = InnoDB AUTO_INCREMENT = 1 CHARACTER SET = utf8mb4 COLLATE = utf8mb4_0900_ai_ci ROW_FORMAT = Dynamic;

-- ----------------------------
-- Records of app_urls
-- ----------------------------
INSERT INTO `app_urls` VALUES (1, 'https://aca-prod.accela.com/ONE/Cap/CapHome.aspx?module=Building&TabName=Building', 'Reno NV', '2022-12-03 09:27:11.072991', 1);
INSERT INTO `app_urls` VALUES (2, 'https://aca-prod.accela.com/SANDIEGO/Cap/CapHome.aspx?module=DSD&TabName=DSD&TabList=Home', 'San Diego', '2022-12-03 13:27:30.602765', 1);
INSERT INTO `app_urls` VALUES (3, 'https://aca-prod.accela.com/PASCO/Cap/CapHome.aspx?module=Building&TabName=Building', 'Pasco County', '2022-12-03 14:44:00.022988', 1);
INSERT INTO `app_urls` VALUES (4, 'https://aca-prod.accela.com/LEXKY/Cap/CapHome.aspx?module=Building&TabName=Building', 'Lexington Ky', '2022-12-03 19:48:22.119323', 1);
INSERT INTO `app_urls` VALUES (5, 'https://aca-prod.accela.com/LJCMG/Cap/GlobalSearchResults.aspx?QueryText=solar', 'Louisville Ky', '2022-12-05 06:10:59.060214', 1);
INSERT INTO `app_urls` VALUES (6, 'https://aca-prod.accela.com/CHESTERFIELD/Cap/GlobalSearchResults.aspx?QueryText=solar', 'Chesterfield County', '2022-12-05 06:39:13.588805', 1);
INSERT INTO `app_urls` VALUES (7, 'https://aca-prod.accela.com/CHESAPEAKE/Cap/GlobalSearchResults.aspx?QueryText=solar', 'Jacksonville County', '2022-12-05 06:45:29.930573', 1);
INSERT INTO `app_urls` VALUES (8, 'https://aca-prod.accela.com/LEONCO/Cap/GlobalSearchResults.aspx?QueryText=solar', 'Tallahassee', '2022-12-05 06:47:47.152163', 1);
INSERT INTO `app_urls` VALUES (9, 'https://aca-prod.accela.com/FTL/Cap/GlobalSearchResults.aspx?QueryText=solar', 'Fort Lauderdale', '2022-12-05 06:57:19.943218', 1);
INSERT INTO `app_urls` VALUES (10, 'https://aca.plantation.org/CitizenAccess/default.aspx', 'Plantation FL', '2022-12-05 07:01:32.788296', 0);
INSERT INTO `app_urls` VALUES (11, 'https://aca-prod.accela.com/PINELLAS/Cap/GlobalSearchResults.aspx?QueryText=solar', 'Pinellas County', '2022-12-05 07:16:16.510099', 1);
INSERT INTO `app_urls` VALUES (12, 'https://accela-aca.fcgov.com/CitizenAccess/Cap/GlobalSearchResults.aspx?QueryText=solar', 'FT Collins', '2022-12-05 07:33:15.939945', 1);
INSERT INTO `app_urls` VALUES (13, 'https://aca-prod.accela.com/PALOALTO/Cap/GlobalSearchResults.aspx?QueryText=solar', 'Palo Alto', '2022-12-06 02:37:22.004744', 1);
INSERT INTO `app_urls` VALUES (14, 'https://citizenportal.slcgov.com/Citizen/Cap/CapHome.aspx?module=Building&TabName=Building', 'SLC', '2022-12-06 08:29:05.871919', 1);
INSERT INTO `app_urls` VALUES (15, 'https://lmsaca.fresno.gov/CitizenAccess/Cap/CapHome.aspx?module=Building&TabName=Building', 'Fresno', '2022-12-06 12:58:42.968408', 1);
INSERT INTO `app_urls` VALUES (16, 'https://aca-prod.accela.com/CLARKCO/Cap/CapHome.aspx?module=Building&TabName=Building', 'Las Vegas', '2022-12-07 06:41:02.090743', 1);
INSERT INTO `app_urls` VALUES (17, 'https://aca-prod.accela.com/MONTEREY/Cap/CapHome.aspx?module=Building&TabName=Building', 'Monterey', '2022-12-07 11:34:16.279431', 1);
INSERT INTO `app_urls` VALUES (18, 'https://aca-prod.accela.com/ALAMEDA/Cap/CapHome.aspx?module=Building&TabName=Building', 'Alameda', '2022-12-08 11:03:19.605679', 1);
INSERT INTO `app_urls` VALUES (19, 'https://ca.columbus.gov/ca/Cap/CapHome.aspx?module=Building&TabName=Building', 'Columbus', '2022-12-08 14:56:40.075105', 1);
INSERT INTO `app_urls` VALUES (20, 'https://aca-prod.accela.com/MENIFEE/Cap/CapHome.aspx?module=Permits&TabName=Permits&TabList=Home', 'Menifee', '2022-12-09 04:00:08.441204', 1);
INSERT INTO `app_urls` VALUES (21, 'https://aca-prod.accela.com/SACRAMENTO/Cap/GlobalSearchResults.aspx?QueryText=solar', 'Sacramento', '2022-12-09 08:01:40.301805', 1);
INSERT INTO `app_urls` VALUES (22, 'https://epermits.cccounty.us/CitizenAccess/Cap/CapHome.aspx?module=Building&TabName=Building', 'Contra Costa County', '2022-12-09 08:20:18.621643', 1);
INSERT INTO `app_urls` VALUES (23, 'https://aca.cityofberkeley.info/CitizenAccess/Cap/GlobalSearchResults.aspx?QueryText=solar', 'Berkley CA', '2022-12-09 11:35:18.161247', 0);
INSERT INTO `app_urls` VALUES (24, 'https://epermit.myclearwater.com/CitizenAccess/Cap/GlobalSearchResults.aspx?QueryText=solar', 'Clearwater FL', '2022-12-09 11:48:02.314568', 1);
INSERT INTO `app_urls` VALUES (25, 'https://aca-prod.accela.com/BERNCO/Cap/CapHome.aspx?module=Building&TabName=Building&TabList=Home', 'Bernalillo County NM', '2022-12-09 11:54:59.920019', 1);
INSERT INTO `app_urls` VALUES (26, 'https://citizenportal.meridiancity.org/CitizenAccess/Cap/CapHome.aspx?module=Dev-Services&TabName=Dev-Services', 'Meridian', '2022-12-11 04:02:36.630470', 1);
INSERT INTO `app_urls` VALUES (27, 'https://aca-prod.accela.com/TOS/Cap/CapHome.aspx?module=Building&TabName=Building', 'Sahuarita AZ', '2022-12-11 17:23:08.000000', 1);
INSERT INTO `app_urls` VALUES (28, 'https://aca-prod.accela.com/QC/Cap/GlobalSearchResults.aspx?QueryText=solar', 'Queen Creek AZ', '2022-12-11 17:40:24.000000', 1);
INSERT INTO `app_urls` VALUES (29, 'https://permits.cityofboise.org/CitizenAccess/Cap/GlobalSearchResults.aspx?QueryText=solar', 'Boise ID', '2022-12-11 22:05:54.000000', 1);
INSERT INTO `app_urls` VALUES (30, 'https://citizenaccess.arapahoegov.com/CitizenAccess/Cap/GlobalSearchResults.aspx?QueryText=solar', 'Arapahoe County CO', '2022-12-11 23:03:04.000000', 1);
INSERT INTO `app_urls` VALUES (31, 'https://accela.maricopa.gov/CitizenAccessMCOSS/Cap/CapHome.aspx?module=PnD&TabName=PnD', 'Maricopa County', '2022-12-13 11:41:35.000000', 1);
INSERT INTO `app_urls` VALUES (32, 'https://aca-prod.accela.com/OAKLAND/Cap/CapHome.aspx?module=Building&TabName=Home', 'Oakland CA', '2022-12-13 13:28:40.000000', 1);
INSERT INTO `app_urls` VALUES (33, 'https://permits.adcogov.org/CitizenAccess/Cap/CapHome.aspx?module=Building&TabName=Building&TabList=HOME%7C0%7CBuilding%7C1%7CPlanning%7C2%7CPermits%7C3%7CEnforcement%7C4%7CContractors%7C5%7CCurrentTabIndex%7C1', 'Denver CO', '2022-12-13 13:54:57.000000', 1);
INSERT INTO `app_urls` VALUES (34, 'https://eportal.galvestontx.gov/CitizenAccess/Cap/GlobalSearchResults.aspx?QueryText=solar', 'GALVESTION TX', '2022-12-13 15:18:59.000000', 1);
INSERT INTO `app_urls` VALUES (35, 'https://aca.cityofchino.org/CitizenAccess/Cap/CapHome.aspx?module=Building&TabName=Building', 'Chino CA', '2022-12-15 16:32:35.000000', 1);

-- ----------------------------
-- Table structure for auth_group
-- ----------------------------
DROP TABLE IF EXISTS `auth_group`;
CREATE TABLE `auth_group`  (
  `id` int NOT NULL AUTO_INCREMENT,
  `name` varchar(150) CHARACTER SET utf8mb4 COLLATE utf8mb4_0900_ai_ci NOT NULL,
  PRIMARY KEY (`id`) USING BTREE,
  UNIQUE INDEX `name`(`name`) USING BTREE
) ENGINE = InnoDB AUTO_INCREMENT = 1 CHARACTER SET = utf8mb4 COLLATE = utf8mb4_0900_ai_ci ROW_FORMAT = Dynamic;

-- ----------------------------
-- Records of auth_group
-- ----------------------------

-- ----------------------------
-- Table structure for auth_group_permissions
-- ----------------------------
DROP TABLE IF EXISTS `auth_group_permissions`;
CREATE TABLE `auth_group_permissions`  (
  `id` bigint NOT NULL AUTO_INCREMENT,
  `group_id` int NOT NULL,
  `permission_id` int NOT NULL,
  PRIMARY KEY (`id`) USING BTREE,
  UNIQUE INDEX `auth_group_permissions_group_id_permission_id_0cd325b0_uniq`(`group_id`, `permission_id`) USING BTREE,
  INDEX `auth_group_permissio_permission_id_84c5c92e_fk_auth_perm`(`permission_id`) USING BTREE,
  CONSTRAINT `auth_group_permissio_permission_id_84c5c92e_fk_auth_perm` FOREIGN KEY (`permission_id`) REFERENCES `auth_permission` (`id`) ON DELETE RESTRICT ON UPDATE RESTRICT,
  CONSTRAINT `auth_group_permissions_group_id_b120cbf9_fk_auth_group_id` FOREIGN KEY (`group_id`) REFERENCES `auth_group` (`id`) ON DELETE RESTRICT ON UPDATE RESTRICT
) ENGINE = InnoDB AUTO_INCREMENT = 1 CHARACTER SET = utf8mb4 COLLATE = utf8mb4_0900_ai_ci ROW_FORMAT = Dynamic;

-- ----------------------------
-- Records of auth_group_permissions
-- ----------------------------

-- ----------------------------
-- Table structure for auth_permission
-- ----------------------------
DROP TABLE IF EXISTS `auth_permission`;
CREATE TABLE `auth_permission`  (
  `id` int NOT NULL AUTO_INCREMENT,
  `name` varchar(255) CHARACTER SET utf8mb4 COLLATE utf8mb4_0900_ai_ci NOT NULL,
  `content_type_id` int NOT NULL,
  `codename` varchar(100) CHARACTER SET utf8mb4 COLLATE utf8mb4_0900_ai_ci NOT NULL,
  PRIMARY KEY (`id`) USING BTREE,
  UNIQUE INDEX `auth_permission_content_type_id_codename_01ab375a_uniq`(`content_type_id`, `codename`) USING BTREE,
  CONSTRAINT `auth_permission_content_type_id_2f476e4b_fk_django_co` FOREIGN KEY (`content_type_id`) REFERENCES `django_content_type` (`id`) ON DELETE RESTRICT ON UPDATE RESTRICT
) ENGINE = InnoDB AUTO_INCREMENT = 33 CHARACTER SET = utf8mb4 COLLATE = utf8mb4_0900_ai_ci ROW_FORMAT = Dynamic;

-- ----------------------------
-- Records of auth_permission
-- ----------------------------
INSERT INTO `auth_permission` VALUES (1, 'Can add log entry', 1, 'add_logentry');
INSERT INTO `auth_permission` VALUES (2, 'Can change log entry', 1, 'change_logentry');
INSERT INTO `auth_permission` VALUES (3, 'Can delete log entry', 1, 'delete_logentry');
INSERT INTO `auth_permission` VALUES (4, 'Can view log entry', 1, 'view_logentry');
INSERT INTO `auth_permission` VALUES (5, 'Can add permission', 2, 'add_permission');
INSERT INTO `auth_permission` VALUES (6, 'Can change permission', 2, 'change_permission');
INSERT INTO `auth_permission` VALUES (7, 'Can delete permission', 2, 'delete_permission');
INSERT INTO `auth_permission` VALUES (8, 'Can view permission', 2, 'view_permission');
INSERT INTO `auth_permission` VALUES (9, 'Can add group', 3, 'add_group');
INSERT INTO `auth_permission` VALUES (10, 'Can change group', 3, 'change_group');
INSERT INTO `auth_permission` VALUES (11, 'Can delete group', 3, 'delete_group');
INSERT INTO `auth_permission` VALUES (12, 'Can view group', 3, 'view_group');
INSERT INTO `auth_permission` VALUES (13, 'Can add user', 4, 'add_user');
INSERT INTO `auth_permission` VALUES (14, 'Can change user', 4, 'change_user');
INSERT INTO `auth_permission` VALUES (15, 'Can delete user', 4, 'delete_user');
INSERT INTO `auth_permission` VALUES (16, 'Can view user', 4, 'view_user');
INSERT INTO `auth_permission` VALUES (17, 'Can add content type', 5, 'add_contenttype');
INSERT INTO `auth_permission` VALUES (18, 'Can change content type', 5, 'change_contenttype');
INSERT INTO `auth_permission` VALUES (19, 'Can delete content type', 5, 'delete_contenttype');
INSERT INTO `auth_permission` VALUES (20, 'Can view content type', 5, 'view_contenttype');
INSERT INTO `auth_permission` VALUES (21, 'Can add session', 6, 'add_session');
INSERT INTO `auth_permission` VALUES (22, 'Can change session', 6, 'change_session');
INSERT INTO `auth_permission` VALUES (23, 'Can delete session', 6, 'delete_session');
INSERT INTO `auth_permission` VALUES (24, 'Can view session', 6, 'view_session');
INSERT INTO `auth_permission` VALUES (25, 'Can add urls', 7, 'add_urls');
INSERT INTO `auth_permission` VALUES (26, 'Can change urls', 7, 'change_urls');
INSERT INTO `auth_permission` VALUES (27, 'Can delete urls', 7, 'delete_urls');
INSERT INTO `auth_permission` VALUES (28, 'Can view urls', 7, 'view_urls');
INSERT INTO `auth_permission` VALUES (29, 'Can add url results', 8, 'add_urlresults');
INSERT INTO `auth_permission` VALUES (30, 'Can change url results', 8, 'change_urlresults');
INSERT INTO `auth_permission` VALUES (31, 'Can delete url results', 8, 'delete_urlresults');
INSERT INTO `auth_permission` VALUES (32, 'Can view url results', 8, 'view_urlresults');

-- ----------------------------
-- Table structure for auth_user
-- ----------------------------
DROP TABLE IF EXISTS `auth_user`;
CREATE TABLE `auth_user`  (
  `id` int NOT NULL AUTO_INCREMENT,
  `password` varchar(128) CHARACTER SET utf8mb4 COLLATE utf8mb4_0900_ai_ci NOT NULL,
  `last_login` datetime(6) NULL DEFAULT NULL,
  `is_superuser` tinyint(1) NOT NULL,
  `username` varchar(150) CHARACTER SET utf8mb4 COLLATE utf8mb4_0900_ai_ci NOT NULL,
  `first_name` varchar(150) CHARACTER SET utf8mb4 COLLATE utf8mb4_0900_ai_ci NOT NULL,
  `last_name` varchar(150) CHARACTER SET utf8mb4 COLLATE utf8mb4_0900_ai_ci NOT NULL,
  `email` varchar(254) CHARACTER SET utf8mb4 COLLATE utf8mb4_0900_ai_ci NOT NULL,
  `is_staff` tinyint(1) NOT NULL,
  `is_active` tinyint(1) NOT NULL,
  `date_joined` datetime(6) NOT NULL,
  PRIMARY KEY (`id`) USING BTREE,
  UNIQUE INDEX `username`(`username`) USING BTREE
) ENGINE = InnoDB AUTO_INCREMENT = 1 CHARACTER SET = utf8mb4 COLLATE = utf8mb4_0900_ai_ci ROW_FORMAT = Dynamic;

-- ----------------------------
-- Records of auth_user
-- ----------------------------

-- ----------------------------
-- Table structure for auth_user_groups
-- ----------------------------
DROP TABLE IF EXISTS `auth_user_groups`;
CREATE TABLE `auth_user_groups`  (
  `id` bigint NOT NULL AUTO_INCREMENT,
  `user_id` int NOT NULL,
  `group_id` int NOT NULL,
  PRIMARY KEY (`id`) USING BTREE,
  UNIQUE INDEX `auth_user_groups_user_id_group_id_94350c0c_uniq`(`user_id`, `group_id`) USING BTREE,
  INDEX `auth_user_groups_group_id_97559544_fk_auth_group_id`(`group_id`) USING BTREE,
  CONSTRAINT `auth_user_groups_group_id_97559544_fk_auth_group_id` FOREIGN KEY (`group_id`) REFERENCES `auth_group` (`id`) ON DELETE RESTRICT ON UPDATE RESTRICT,
  CONSTRAINT `auth_user_groups_user_id_6a12ed8b_fk_auth_user_id` FOREIGN KEY (`user_id`) REFERENCES `auth_user` (`id`) ON DELETE RESTRICT ON UPDATE RESTRICT
) ENGINE = InnoDB AUTO_INCREMENT = 1 CHARACTER SET = utf8mb4 COLLATE = utf8mb4_0900_ai_ci ROW_FORMAT = Dynamic;

-- ----------------------------
-- Records of auth_user_groups
-- ----------------------------

-- ----------------------------
-- Table structure for auth_user_user_permissions
-- ----------------------------
DROP TABLE IF EXISTS `auth_user_user_permissions`;
CREATE TABLE `auth_user_user_permissions`  (
  `id` bigint NOT NULL AUTO_INCREMENT,
  `user_id` int NOT NULL,
  `permission_id` int NOT NULL,
  PRIMARY KEY (`id`) USING BTREE,
  UNIQUE INDEX `auth_user_user_permissions_user_id_permission_id_14a6b632_uniq`(`user_id`, `permission_id`) USING BTREE,
  INDEX `auth_user_user_permi_permission_id_1fbb5f2c_fk_auth_perm`(`permission_id`) USING BTREE,
  CONSTRAINT `auth_user_user_permi_permission_id_1fbb5f2c_fk_auth_perm` FOREIGN KEY (`permission_id`) REFERENCES `auth_permission` (`id`) ON DELETE RESTRICT ON UPDATE RESTRICT,
  CONSTRAINT `auth_user_user_permissions_user_id_a95ead1b_fk_auth_user_id` FOREIGN KEY (`user_id`) REFERENCES `auth_user` (`id`) ON DELETE RESTRICT ON UPDATE RESTRICT
) ENGINE = InnoDB AUTO_INCREMENT = 1 CHARACTER SET = utf8mb4 COLLATE = utf8mb4_0900_ai_ci ROW_FORMAT = Dynamic;

-- ----------------------------
-- Records of auth_user_user_permissions
-- ----------------------------

-- ----------------------------
-- Table structure for django_admin_log
-- ----------------------------
DROP TABLE IF EXISTS `django_admin_log`;
CREATE TABLE `django_admin_log`  (
  `id` int NOT NULL AUTO_INCREMENT,
  `action_time` datetime(6) NOT NULL,
  `object_id` longtext CHARACTER SET utf8mb4 COLLATE utf8mb4_0900_ai_ci NULL,
  `object_repr` varchar(200) CHARACTER SET utf8mb4 COLLATE utf8mb4_0900_ai_ci NOT NULL,
  `action_flag` smallint UNSIGNED NOT NULL,
  `change_message` longtext CHARACTER SET utf8mb4 COLLATE utf8mb4_0900_ai_ci NOT NULL,
  `content_type_id` int NULL DEFAULT NULL,
  `user_id` int NOT NULL,
  PRIMARY KEY (`id`) USING BTREE,
  INDEX `django_admin_log_content_type_id_c4bce8eb_fk_django_co`(`content_type_id`) USING BTREE,
  INDEX `django_admin_log_user_id_c564eba6_fk_auth_user_id`(`user_id`) USING BTREE,
  CONSTRAINT `django_admin_log_content_type_id_c4bce8eb_fk_django_co` FOREIGN KEY (`content_type_id`) REFERENCES `django_content_type` (`id`) ON DELETE RESTRICT ON UPDATE RESTRICT,
  CONSTRAINT `django_admin_log_user_id_c564eba6_fk_auth_user_id` FOREIGN KEY (`user_id`) REFERENCES `auth_user` (`id`) ON DELETE RESTRICT ON UPDATE RESTRICT
) ENGINE = InnoDB AUTO_INCREMENT = 1 CHARACTER SET = utf8mb4 COLLATE = utf8mb4_0900_ai_ci ROW_FORMAT = Dynamic;

-- ----------------------------
-- Records of django_admin_log
-- ----------------------------

-- ----------------------------
-- Table structure for django_content_type
-- ----------------------------
DROP TABLE IF EXISTS `django_content_type`;
CREATE TABLE `django_content_type`  (
  `id` int NOT NULL AUTO_INCREMENT,
  `app_label` varchar(100) CHARACTER SET utf8mb4 COLLATE utf8mb4_0900_ai_ci NOT NULL,
  `model` varchar(100) CHARACTER SET utf8mb4 COLLATE utf8mb4_0900_ai_ci NOT NULL,
  PRIMARY KEY (`id`) USING BTREE,
  UNIQUE INDEX `django_content_type_app_label_model_76bd3d3b_uniq`(`app_label`, `model`) USING BTREE
) ENGINE = InnoDB AUTO_INCREMENT = 9 CHARACTER SET = utf8mb4 COLLATE = utf8mb4_0900_ai_ci ROW_FORMAT = Dynamic;

-- ----------------------------
-- Records of django_content_type
-- ----------------------------
INSERT INTO `django_content_type` VALUES (1, 'admin', 'logentry');
INSERT INTO `django_content_type` VALUES (8, 'app', 'urlresults');
INSERT INTO `django_content_type` VALUES (7, 'app', 'urls');
INSERT INTO `django_content_type` VALUES (3, 'auth', 'group');
INSERT INTO `django_content_type` VALUES (2, 'auth', 'permission');
INSERT INTO `django_content_type` VALUES (4, 'auth', 'user');
INSERT INTO `django_content_type` VALUES (5, 'contenttypes', 'contenttype');
INSERT INTO `django_content_type` VALUES (6, 'sessions', 'session');

-- ----------------------------
-- Table structure for django_migrations
-- ----------------------------
DROP TABLE IF EXISTS `django_migrations`;
CREATE TABLE `django_migrations`  (
  `id` bigint NOT NULL AUTO_INCREMENT,
  `app` varchar(255) CHARACTER SET utf8mb4 COLLATE utf8mb4_0900_ai_ci NOT NULL,
  `name` varchar(255) CHARACTER SET utf8mb4 COLLATE utf8mb4_0900_ai_ci NOT NULL,
  `applied` datetime(6) NOT NULL,
  PRIMARY KEY (`id`) USING BTREE
) ENGINE = InnoDB AUTO_INCREMENT = 29 CHARACTER SET = utf8mb4 COLLATE = utf8mb4_0900_ai_ci ROW_FORMAT = Dynamic;

-- ----------------------------
-- Records of django_migrations
-- ----------------------------
INSERT INTO `django_migrations` VALUES (1, 'contenttypes', '0001_initial', '2022-12-15 08:30:24.824244');
INSERT INTO `django_migrations` VALUES (2, 'auth', '0001_initial', '2022-12-15 08:30:25.070210');
INSERT INTO `django_migrations` VALUES (3, 'admin', '0001_initial', '2022-12-15 08:30:25.188906');
INSERT INTO `django_migrations` VALUES (4, 'admin', '0002_logentry_remove_auto_add', '2022-12-15 08:30:25.194914');
INSERT INTO `django_migrations` VALUES (5, 'admin', '0003_logentry_add_action_flag_choices', '2022-12-15 08:30:25.199455');
INSERT INTO `django_migrations` VALUES (6, 'app', '0001_initial', '2022-12-15 08:30:25.289617');
INSERT INTO `django_migrations` VALUES (7, 'app', '0002_urlresults_remove_results_date_created', '2022-12-15 08:30:25.305639');
INSERT INTO `django_migrations` VALUES (8, 'app', '0003_urlresultsvalue_urlresults_url_delete_results_and_more', '2022-12-15 08:30:25.389282');
INSERT INTO `django_migrations` VALUES (9, 'app', '0004_urlresults_address_urlresults_applicant_and_more', '2022-12-15 08:30:25.565361');
INSERT INTO `django_migrations` VALUES (10, 'app', '0005_remove_urlresultsvalue_attribute_and_more', '2022-12-15 08:30:25.630471');
INSERT INTO `django_migrations` VALUES (11, 'app', '0006_urlresults_record_id', '2022-12-15 08:30:25.640986');
INSERT INTO `django_migrations` VALUES (12, 'app', '0007_alter_urlresults_date', '2022-12-15 08:30:25.687080');
INSERT INTO `django_migrations` VALUES (13, 'app', '0008_urls_is_active', '2022-12-15 08:30:25.704620');
INSERT INTO `django_migrations` VALUES (14, 'app', '0009_alter_urlresults_address_alter_urlresults_applicant_and_more', '2022-12-15 08:30:26.056298');
INSERT INTO `django_migrations` VALUES (15, 'app', '0010_urlresults_owner', '2022-12-15 08:30:26.065834');
INSERT INTO `django_migrations` VALUES (16, 'contenttypes', '0002_remove_content_type_name', '2022-12-15 08:30:26.107429');
INSERT INTO `django_migrations` VALUES (17, 'auth', '0002_alter_permission_name_max_length', '2022-12-15 08:30:26.136976');
INSERT INTO `django_migrations` VALUES (18, 'auth', '0003_alter_user_email_max_length', '2022-12-15 08:30:26.153004');
INSERT INTO `django_migrations` VALUES (19, 'auth', '0004_alter_user_username_opts', '2022-12-15 08:30:26.158509');
INSERT INTO `django_migrations` VALUES (20, 'auth', '0005_alter_user_last_login_null', '2022-12-15 08:30:26.190065');
INSERT INTO `django_migrations` VALUES (21, 'auth', '0006_require_contenttypes_0002', '2022-12-15 08:30:26.192068');
INSERT INTO `django_migrations` VALUES (22, 'auth', '0007_alter_validators_add_error_messages', '2022-12-15 08:30:26.197072');
INSERT INTO `django_migrations` VALUES (23, 'auth', '0008_alter_user_username_max_length', '2022-12-15 08:30:26.231641');
INSERT INTO `django_migrations` VALUES (24, 'auth', '0009_alter_user_last_name_max_length', '2022-12-15 08:30:26.263185');
INSERT INTO `django_migrations` VALUES (25, 'auth', '0010_alter_group_name_max_length', '2022-12-15 08:30:26.275706');
INSERT INTO `django_migrations` VALUES (26, 'auth', '0011_update_proxy_permissions', '2022-12-15 08:30:26.281214');
INSERT INTO `django_migrations` VALUES (27, 'auth', '0012_alter_user_first_name_max_length', '2022-12-15 08:30:26.313271');
INSERT INTO `django_migrations` VALUES (28, 'sessions', '0001_initial', '2022-12-15 08:30:26.333303');

-- ----------------------------
-- Table structure for django_session
-- ----------------------------
DROP TABLE IF EXISTS `django_session`;
CREATE TABLE `django_session`  (
  `session_key` varchar(40) CHARACTER SET utf8mb4 COLLATE utf8mb4_0900_ai_ci NOT NULL,
  `session_data` longtext CHARACTER SET utf8mb4 COLLATE utf8mb4_0900_ai_ci NOT NULL,
  `expire_date` datetime(6) NOT NULL,
  PRIMARY KEY (`session_key`) USING BTREE,
  INDEX `django_session_expire_date_a5c62663`(`expire_date`) USING BTREE
) ENGINE = InnoDB CHARACTER SET = utf8mb4 COLLATE = utf8mb4_0900_ai_ci ROW_FORMAT = Dynamic;

-- ----------------------------
-- Records of django_session
-- ----------------------------

SET FOREIGN_KEY_CHECKS = 1;
