/*
 Navicat Premium Data Transfer

 Source Server         : local
 Source Server Type    : MySQL
 Source Server Version : 80030
 Source Host           : localhost:3306
 Source Schema         : mountainsautomation

 Target Server Type    : MySQL
 Target Server Version : 80030
 File Encoding         : 65001

 Date: 17/12/2022 22:40:33
*/

SET NAMES utf8mb4;
SET FOREIGN_KEY_CHECKS = 0;

-- ----------------------------
-- Table structure for app_urlresults
-- ----------------------------
DROP TABLE IF EXISTS `app_urlresults`;
CREATE TABLE `app_urlresults`  (
  `id` bigint NOT NULL AUTO_INCREMENT,
  `date_created` datetime(6) NOT NULL,
  `url_id` bigint NOT NULL,
  `address` longtext CHARACTER SET utf8mb4 COLLATE utf8mb4_0900_ai_ci NULL,
  `applicant` longtext CHARACTER SET utf8mb4 COLLATE utf8mb4_0900_ai_ci NULL,
  `city` longtext CHARACTER SET utf8mb4 COLLATE utf8mb4_0900_ai_ci NULL,
  `date` longtext CHARACTER SET utf8mb4 COLLATE utf8mb4_0900_ai_ci NULL,
  `description` longtext CHARACTER SET utf8mb4 COLLATE utf8mb4_0900_ai_ci NULL,
  `existing_solar_system` longtext CHARACTER SET utf8mb4 COLLATE utf8mb4_0900_ai_ci NULL,
  `job_value` longtext CHARACTER SET utf8mb4 COLLATE utf8mb4_0900_ai_ci NULL,
  `kw` longtext CHARACTER SET utf8mb4 COLLATE utf8mb4_0900_ai_ci NULL,
  `name` longtext CHARACTER SET utf8mb4 COLLATE utf8mb4_0900_ai_ci NULL,
  `panel_upgrade` longtext CHARACTER SET utf8mb4 COLLATE utf8mb4_0900_ai_ci NULL,
  `state` longtext CHARACTER SET utf8mb4 COLLATE utf8mb4_0900_ai_ci NULL,
  `status` longtext CHARACTER SET utf8mb4 COLLATE utf8mb4_0900_ai_ci NULL,
  `total_cost` longtext CHARACTER SET utf8mb4 COLLATE utf8mb4_0900_ai_ci NULL,
  `utility_information` longtext CHARACTER SET utf8mb4 COLLATE utf8mb4_0900_ai_ci NULL,
  `zip` longtext CHARACTER SET utf8mb4 COLLATE utf8mb4_0900_ai_ci NULL,
  `record_id` varchar(255) CHARACTER SET utf8mb4 COLLATE utf8mb4_0900_ai_ci NULL DEFAULT NULL,
  `owner` longtext CHARACTER SET utf8mb4 COLLATE utf8mb4_0900_ai_ci NULL,
  PRIMARY KEY (`id`) USING BTREE,
  INDEX `app_urlresults_url_id_915b1b51_fk_app_urls_id`(`url_id`) USING BTREE,
  CONSTRAINT `app_urlresults_url_id_915b1b51_fk_app_urls_id` FOREIGN KEY (`url_id`) REFERENCES `app_urls` (`id`) ON DELETE RESTRICT ON UPDATE RESTRICT
) ENGINE = InnoDB AUTO_INCREMENT = 876 CHARACTER SET = utf8mb4 COLLATE = utf8mb4_0900_ai_ci ROW_FORMAT = Dynamic;

-- ----------------------------
-- Records of app_urlresults
-- ----------------------------
INSERT INTO `app_urlresults` VALUES (1127, '2022-12-17 14:36:53.354349', 50, '1385 PALO VERDE DR', NULL, 'PHARR', '2022-12-15', NULL, NULL, NULL, NULL, '', NULL, 'TX', 'Plan Review', NULL, NULL, '78577', 'SOL2022-00280', 'PRUNEDA MARIA TERESA & ISRAEL PRUNEDA ET AL *');
INSERT INTO `app_urlresults` VALUES (1128, '2022-12-17 14:36:54.620842', 30, '7332, S Alton Way ste 13K', 'William Clay', 'Centennial,', '2022-12-13', NULL, NULL, NULL, NULL, '', NULL, 'CO,', 'Active', NULL, NULL, '80112', 'GEN22-0168', NULL);
INSERT INTO `app_urlresults` VALUES (1129, '2022-12-17 14:36:55.105695', 42, '1727 S WELLSLEY CT', NULL, 'Visalia', '2022-12-16', NULL, NULL, NULL, NULL, 'SOLAR', NULL, 'CA', 'In Review', NULL, NULL, '93277', 'B226588', NULL);
INSERT INTO `app_urlresults` VALUES (1130, '2022-12-17 14:36:55.182911', 42, '2622 S WATSON ST', NULL, 'Visalia', '2022-12-16', NULL, NULL, NULL, NULL, 'SOLAR', NULL, 'CA', 'In Review', NULL, NULL, '93277', 'B226596', NULL);
INSERT INTO `app_urlresults` VALUES (1131, '2022-12-17 14:36:55.248753', 42, '1046 N ATWOOD ST', NULL, 'Visalia', '2022-12-16', NULL, NULL, NULL, NULL, 'SOLAR', NULL, 'CA', 'Pending', NULL, NULL, '93291', 'B226594', NULL);
INSERT INTO `app_urlresults` VALUES (1132, '2022-12-17 14:36:55.348198', 42, '4002 S PARKWOOD ST', NULL, 'Visalia', '2022-12-14', NULL, NULL, NULL, NULL, 'SOLAR', NULL, 'CA', 'Pending Issuance', NULL, NULL, '93277', 'B226544', NULL);
INSERT INTO `app_urlresults` VALUES (1133, '2022-12-17 14:36:55.539160', 42, '1617 W MYRTLE AVE', NULL, 'Visalia', '2022-12-14', NULL, NULL, NULL, NULL, 'SOLAR INSTALLATION', NULL, 'CA', 'Pending Issuance', NULL, NULL, '93277', 'B226555', NULL);
INSERT INTO `app_urlresults` VALUES (1134, '2022-12-17 14:36:55.638581', 42, '4407 W PROSPECT AVE', NULL, 'Visalia', '2022-12-14', NULL, NULL, NULL, NULL, 'SOLAR INSTALLATION', NULL, 'CA', 'Issued', NULL, NULL, '93291', 'B226532', NULL);
INSERT INTO `app_urlresults` VALUES (1135, '2022-12-17 14:36:55.710794', 42, '2417 N JACOB CT', NULL, 'Visalia', '2022-12-14', NULL, NULL, NULL, NULL, 'SOLAR', NULL, 'CA', 'Pending Resubmittal', NULL, NULL, '93291', 'B226536', NULL);
INSERT INTO `app_urlresults` VALUES (1136, '2022-12-17 14:36:55.779499', 42, '4735 W CRYSTAL CT', NULL, 'Visalia', '2022-12-14', NULL, NULL, NULL, NULL, 'SOLAR', NULL, 'CA', 'Issued', NULL, NULL, '93291', 'B226535', NULL);
INSERT INTO `app_urlresults` VALUES (1137, '2022-12-17 14:36:57.528607', 30, '7332, S Alton Way ste 13K', 'David Mechtly', 'Centennial,', '2022-12-08', NULL, NULL, NULL, NULL, '', NULL, 'CO,', 'Active', NULL, NULL, '80112', 'ELE22-0081', NULL);
INSERT INTO `app_urlresults` VALUES (1138, '2022-12-17 14:36:58.368734', 41, '2301 W Clinton St', NULL, 'Tampa', '2022-12-16', NULL, NULL, NULL, NULL, '2301 W Clinton St (ACA)', NULL, 'FL', 'Issued', NULL, NULL, '33604', 'BTR-23-0561947', 'Wilfredo Garcia *');
INSERT INTO `app_urlresults` VALUES (1139, '2022-12-17 14:36:59.305718', 47, '5403 W GRAY ST', NULL, 'TAMPA', '2022-12-16', NULL, NULL, NULL, NULL, '', NULL, 'FL', 'Issued', NULL, NULL, '33609', 'HC-BTR-22-0138989', 'SP ST JAMES LP *');
INSERT INTO `app_urlresults` VALUES (1140, '2022-12-17 14:37:00.977402', 48, '401 SUNBURST CT', NULL, 'CLEARWATER', '2022-12-16', NULL, NULL, NULL, NULL, 'Solar Panels-Remmert', NULL, 'FL', 'In Review', NULL, NULL, '33755', 'BCP2022-120385', 'HERMAN REMMERT JR');
INSERT INTO `app_urlresults` VALUES (1141, '2022-12-17 14:37:02.648521', 30, '614 10th st', 'Mark Ball', 'Golden,', '2022-12-06', NULL, NULL, NULL, NULL, '', NULL, 'CO,', 'Active', NULL, NULL, '80401-1021', 'ELE22-0042', NULL);
INSERT INTO `app_urlresults` VALUES (1142, '2022-12-17 14:37:03.352180', 8, '2604 WINDY PINE WAY', NULL, ' Tallahassee', '2022-12-16', NULL, NULL, NULL, NULL, 'ADT Solar LLC', NULL, 'FL', 'Received', NULL, NULL, '32305', 'LB2202204', NULL);
INSERT INTO `app_urlresults` VALUES (1143, '2022-12-17 14:37:03.417403', 8, '7022 STANDING PINES LN', NULL, ' Tallahassee', '2022-12-16', NULL, NULL, NULL, NULL, 'Power Production Management', NULL, 'FL', 'Received', NULL, NULL, '32312', 'LB2202209', NULL);
INSERT INTO `app_urlresults` VALUES (1144, '2022-12-17 14:37:03.483598', 8, '2107 HARRIET DR', NULL, ' Tallahassee', '2022-12-14', NULL, NULL, NULL, NULL, 'Meraki Installers', NULL, 'FL', 'Issued', NULL, NULL, '32303', 'LB2202187', NULL);
INSERT INTO `app_urlresults` VALUES (1145, '2022-12-17 14:37:03.544282', 8, '2724 OAK RIDGE RD', NULL, ' Tallahassee', '2022-12-13', NULL, NULL, NULL, NULL, 'BRS FIELD OPS LLC', NULL, 'FL', 'Issued', NULL, NULL, '32305', 'LB2202186', NULL);
INSERT INTO `app_urlresults` VALUES (1146, '2022-12-17 14:37:03.609509', 8, '4982 BRANDED OAKS CT', NULL, ' Tallahassee', '2022-12-12', NULL, NULL, NULL, NULL, 'ADT Solar LLC', NULL, 'FL', 'Plans Review', NULL, NULL, '32311', 'LB2202179', NULL);
INSERT INTO `app_urlresults` VALUES (1147, '2022-12-17 14:37:03.653108', 14, '2121 E GARFIELD Ave', NULL, 'Salt Lake City', '12/16/2022', 'Solar/ESS/Tesla Backup Switch (1624171)', NULL, NULL, NULL, 'JB-8411623-00 Michael Hawkins', NULL, 'UT', '', NULL, NULL, '84108', 'BLD2022-10479', NULL);
INSERT INTO `app_urlresults` VALUES (1148, '2022-12-17 14:37:03.668659', 8, '7144 ATASCADERO LN', NULL, ' Tallahassee', '2022-12-08', NULL, NULL, NULL, NULL, 'MERAKI INSTALLERS', NULL, 'FL', 'Issued', NULL, NULL, '32317', 'LB2202170', NULL);
INSERT INTO `app_urlresults` VALUES (1149, '2022-12-17 14:37:03.724331', 14, '1076 N NOCTURNE Dr', NULL, 'Salt Lake City', '12/16/2022', 'Installation of solar panels on existing residential roof', NULL, NULL, NULL, 'Keene Solar Install', NULL, 'UT', 'In For Review', NULL, NULL, '84116', 'BLD2022-10454', NULL);
INSERT INTO `app_urlresults` VALUES (1150, '2022-12-17 14:37:03.730850', 8, '9600 MICCOSUKEE RD', NULL, ' Tallahassee', '2022-12-08', NULL, NULL, NULL, NULL, 'ADT SOLAR LLC', NULL, 'FL', 'Approved Notified', NULL, NULL, '32309', 'LB2202168', NULL);
INSERT INTO `app_urlresults` VALUES (1151, '2022-12-17 14:37:03.787028', 8, '3173 WHIRLAWAY TRL', NULL, ' Tallahassee', '2022-12-05', NULL, NULL, NULL, NULL, 'MERAKI INSTALLERS', NULL, 'FL', 'Issued', NULL, NULL, '32309', 'LB2202150', NULL);
INSERT INTO `app_urlresults` VALUES (1152, '2022-12-17 14:37:03.789030', 14, '598 N SIR PHILIP Dr', NULL, 'Salt Lake City', '12/15/2022', 'Residential Rooftop Solar', NULL, NULL, NULL, 'Van Thawng', NULL, 'UT', 'In For Review', NULL, NULL, '84116', 'BLD2022-10432', NULL);
INSERT INTO `app_urlresults` VALUES (1153, '2022-12-17 14:37:03.852720', 8, '3157 WHIRLAWAY TRL', NULL, ' Tallahassee', '2022-12-02', NULL, NULL, NULL, NULL, 'Meraki Installers', NULL, 'FL', 'Issued', NULL, NULL, '32309', 'LB2202135', NULL);
INSERT INTO `app_urlresults` VALUES (1154, '2022-12-17 14:37:03.867794', 14, '2641 S HARTFORD St', NULL, 'Salt Lake City', '12/14/2022', 'PV Solar install of 8 panels on existing residential roof; System size 3.2 kw', NULL, NULL, NULL, 'Pv Solar install for Cindi Jo Leech', NULL, 'UT', 'In For Review', NULL, NULL, '84106', 'BLD2022-10396', NULL);
INSERT INTO `app_urlresults` VALUES (1155, '2022-12-17 14:37:03.993168', 14, '1514 E MILITARY Way', NULL, 'Salt Lake City', '12/13/2022', 'Solar/ESS/ Tesla Backup Switch (1624171)', NULL, NULL, NULL, 'JB-8411594-00 Lee Goldberg', NULL, 'UT', '', NULL, NULL, '84103', 'BLD2022-10344', NULL);
INSERT INTO `app_urlresults` VALUES (1156, '2022-12-17 14:37:04.113244', 14, '1340 S SHANNON St', NULL, 'Salt Lake City', '12/13/2022', 'To install a 9.43kW PV roof-mounted solar array.', NULL, NULL, NULL, 'Burningham Solar Array', NULL, 'UT', 'Inspections', NULL, NULL, '84105', 'BLD2022-10339', NULL);
INSERT INTO `app_urlresults` VALUES (1157, '2022-12-17 14:37:04.210096', 14, '1925 S 1200 E', NULL, 'Salt Lake City', '12/13/2022', 'Residential rooftop solar', NULL, NULL, NULL, 'Bramhall RFesidence', NULL, 'UT', 'Inspections', NULL, NULL, '84105', 'BLD2022-10329', NULL);
INSERT INTO `app_urlresults` VALUES (1158, '2022-12-17 14:37:04.294338', 14, '1076 N NOCTURNE Dr', NULL, 'Salt Lake City', '12/12/2022', 'INSTALLATION OF UTILITY INTERACTIVE PHOTOVOLTAIC SOLAR SYSTEM', NULL, NULL, NULL, 'Keene Solar Install', NULL, 'UT', '', NULL, NULL, '84116', 'BLD2022-10304', NULL);
INSERT INTO `app_urlresults` VALUES (1159, '2022-12-17 14:37:04.369570', 14, '1931 S 700 E', NULL, 'Salt Lake City', '12/12/2022', 'To install a 4.1kW PV roof-mounted solar array.', NULL, NULL, NULL, 'Ripplinger Solar Array', NULL, 'UT', 'Inspections', NULL, NULL, '84105', 'BLD2022-10289', NULL);
INSERT INTO `app_urlresults` VALUES (1160, '2022-12-17 14:37:04.442253', 14, '1131 S 800 E', NULL, 'Salt Lake City', '12/09/2022', 'Residential roof top solar', NULL, NULL, NULL, 'Slaugh Residence Solar', NULL, 'UT', 'Inspections', NULL, NULL, '84105', 'BLD2022-10265', NULL);
INSERT INTO `app_urlresults` VALUES (1161, '2022-12-17 14:37:04.499467', 19, '6640 RIVERSIDE DR STE 500', NULL, '', '12/16/2022', 'STATUS CHANGE: 12/16/2022 - REPLACED WITH PLRE2249866 REVISED SUCTION PIPE TO PROVIDE ACCESS TO WATER METER PER WATER DEPARTMENT REQUEST. SHIFT FUEL TANK TO PROVIDE PROPER CLEARANCE PER WATER DEPARTMENT REQUEST.', NULL, NULL, NULL, NULL, NULL, 'Columbus', 'VOID - Wrong CAP Type', NULL, NULL, NULL, 'PLEX2249864', 'SHOOK ROAD STORAGE LLC');
INSERT INTO `app_urlresults` VALUES (1162, '2022-12-17 14:37:04.508495', 4, '5008 IVYBRIDGE DR', NULL, 'LEXINGTON', '12/16/2022', NULL, NULL, NULL, NULL, NULL, NULL, 'KY', '', NULL, NULL, '40515', 'BLD-CHG-22-04183', 'WILSON EDWARD T *');
INSERT INTO `app_urlresults` VALUES (1163, '2022-12-17 14:37:04.904687', 21, '961 PIEDMONT DR', NULL, ' SACRAMENTO', '12/17/2022', 'EPC - Revised solar plans changed solar installer.', NULL, NULL, NULL, 'Revision to RES-2125728', NULL, 'CA', 'Plan Check Target', NULL, NULL, '95822', 'RES-2227078', NULL);
INSERT INTO `app_urlresults` VALUES (1164, '2022-12-17 14:37:04.989542', 21, '2307 50TH AVE', NULL, ' SACRAMENTO', '12/16/2022', 'EPC - EXPEDITED - DETACHED ADU WITH 1.825kw SOLAR ADU $180,037 SOLAR $8000', NULL, NULL, NULL, 'New DETACHED ADU WITH 1.825kw SOLAR', NULL, 'CA', 'Applied', NULL, NULL, '95822', 'RES-2227042', NULL);
INSERT INTO `app_urlresults` VALUES (1165, '2022-12-17 14:37:05.016121', 49, '1042 LIDO CT', NULL, 'WESTON', '2022-12-16', NULL, NULL, NULL, NULL, '', NULL, 'FL', 'Response Received', NULL, NULL, '33326', 'B23-00568', 'BILODEAU,ERIC COTE,NANCY *');
INSERT INTO `app_urlresults` VALUES (1166, '2022-12-17 14:37:05.112357', 21, '8000 FOLSOM BLVD', NULL, ' SACRAMENTO', '12/16/2022', 'EPC - 563.76kw Solar PV System, and 0gal Solar WH System (water heater installed null).', NULL, NULL, NULL, 'solar 563.76 kw', NULL, 'CA', 'Applied', NULL, NULL, '95826', 'COM-2226941', NULL);
INSERT INTO `app_urlresults` VALUES (1167, '2022-12-17 14:37:05.178020', 21, '4290 67TH ST', NULL, ' SACRAMENTO', '12/16/2022', 'EXPEDITED - EPC - ADU 396 sq ft 1.825 solar pv The landscaping for this project is required to be in compliance with the city’s Water Efficient Landscape Ordinance 15.92.', NULL, NULL, NULL, 'ADU', NULL, 'CA', 'Applied', NULL, NULL, '95820', 'RES-2227011', NULL);
INSERT INTO `app_urlresults` VALUES (1168, '2022-12-17 14:37:05.235679', 21, '2095 OXFORD ST', NULL, ' SACRAMENTO', '12/16/2022', '', NULL, NULL, NULL, '', NULL, 'CA', 'Submittal Pending Review', NULL, NULL, '95815', 'SUB-2227013', NULL);
INSERT INTO `app_urlresults` VALUES (1169, '2022-12-17 14:37:05.297887', 21, '31 VIERRA CT', NULL, ' SACRAMENTO', '12/16/2022', '10.40kw Solar PV System, and 0gal Solar WH System (water heater installed null). All supply side connections, main breaker change-out, and/or panel upgrade will require a second inspection. Carbon monoxide & Smoke alarms required. Reference CRC sections R', NULL, NULL, NULL, 'ROOF MOUNT PV 10.40KW', NULL, 'CA', 'Ready-to-Issue', NULL, NULL, '95831', 'RES-2227009', NULL);
INSERT INTO `app_urlresults` VALUES (1170, '2022-12-17 14:37:05.368564', 21, '1521 SHERWOOD AVE', NULL, ' SACRAMENTO', '12/16/2022', '5.135kw Solar PV System, and 0gal Solar WH System (water heater installed null). All supply side connections, main breaker change-out, and/or panel upgrade will require a second inspection. Carbon monoxide & Smoke alarms required. Reference CRC sections R', NULL, NULL, NULL, 'ROOF MOUNT PV 5.135KW', NULL, 'CA', 'Ready-to-Issue', NULL, NULL, '95822', 'RES-2226928', NULL);
INSERT INTO `app_urlresults` VALUES (1171, '2022-12-17 14:37:05.441307', 21, '1417 EGGPLANT ALY', NULL, ' SACRAMENTO', '12/16/2022', '', NULL, NULL, NULL, '', NULL, 'CA', 'Submittal Pending Review', NULL, NULL, '95814', 'SUB-2226969', NULL);
INSERT INTO `app_urlresults` VALUES (1172, '2022-12-17 14:37:05.509193', 21, '854 VINCI AVE', NULL, ' SACRAMENTO', '12/16/2022', '', NULL, NULL, NULL, '', NULL, 'CA', 'Submittal Pending Review', NULL, NULL, '95838', 'SUB-2227001', NULL);
INSERT INTO `app_urlresults` VALUES (1173, '2022-12-17 14:37:06.167548', 13, '4110 OLD TRACE RD', NULL, ' PALO ALTO', '2022-12-16', NULL, NULL, NULL, NULL, NULL, NULL, 'CA', 'Pre-Application Accepted', NULL, NULL, '94306', '22APP-04790', NULL);
INSERT INTO `app_urlresults` VALUES (1174, '2022-12-17 14:37:06.198194', 33, '7661 OSAGE ST', NULL, 'DENVER', '12/16/2022', NULL, NULL, NULL, NULL, NULL, NULL, 'CO', 'Permit Issued', NULL, NULL, '80221', 'BDP22-3689', 'MARTINEZ OMAR NUNEZ');
INSERT INTO `app_urlresults` VALUES (1175, '2022-12-17 14:37:06.221771', 13, '4110 OLD TRACE RD', NULL, ' PALO ALTO', '2022-12-16', NULL, NULL, NULL, NULL, NULL, NULL, 'CA', 'Submitted', NULL, NULL, '94306', '22BLD-03143', NULL);
INSERT INTO `app_urlresults` VALUES (1176, '2022-12-17 14:37:06.321167', 13, '757 PAUL AV', NULL, ' PALO ALTO', '2022-12-13', NULL, NULL, NULL, NULL, NULL, NULL, 'CA', 'In Plan Check', NULL, NULL, '94306', '22BLD-03086', NULL);
INSERT INTO `app_urlresults` VALUES (1177, '2022-12-17 14:37:06.341228', 30, '7332, S Alton Way ste 13K', 'William Clay', 'Centennial,', '2022-12-01', NULL, NULL, NULL, NULL, '', NULL, 'CO,', 'Issued', NULL, NULL, '80112', 'GEN22-0168-A', NULL);
INSERT INTO `app_urlresults` VALUES (1178, '2022-12-17 14:37:06.422570', 13, '3537 MURDOCH DR', NULL, ' PALO ALTO', '2022-12-12', NULL, NULL, NULL, NULL, NULL, NULL, 'CA', 'Permit Issued', NULL, NULL, '94306', '22BLD-03046', NULL);
INSERT INTO `app_urlresults` VALUES (1179, '2022-12-17 14:37:06.506332', 13, '131 BYRON ST', NULL, ' PALO ALTO', '2022-12-12', NULL, NULL, NULL, NULL, NULL, NULL, 'CA', 'In Plan Check', NULL, NULL, '94301', '22REV-00723', NULL);
INSERT INTO `app_urlresults` VALUES (1180, '2022-12-17 14:37:06.579111', 13, '2156 BELLVIEW DR', NULL, ' PALO ALTO', '2022-12-12', NULL, NULL, NULL, NULL, NULL, NULL, 'CA', 'In Plan Check', NULL, NULL, '94303', '22REV-00720', NULL);
INSERT INTO `app_urlresults` VALUES (1181, '2022-12-17 14:37:06.617737', 48, '626 N HIGHLAND AVE', NULL, 'CLEARWATER', '2022-12-16', NULL, NULL, NULL, NULL, 'OKUBOYE SOLAR', NULL, 'FL', 'In Review', NULL, NULL, '33755', 'BCP2022-120391', 'DELORIS L OKUBOYE');
INSERT INTO `app_urlresults` VALUES (1182, '2022-12-17 14:37:06.631767', 13, '1117 CALIFORNIA AV', NULL, ' PALO ALTO', '2022-12-12', NULL, NULL, NULL, NULL, NULL, NULL, 'CA', 'Submitted', NULL, NULL, '94304', '22BLD-03053', NULL);
INSERT INTO `app_urlresults` VALUES (1183, '2022-12-17 14:37:07.031980', 5, '2420 DULWORTH DR', NULL, ' LOUISVILLE', '2022-12-15', NULL, NULL, NULL, NULL, 'Denney Solar Permit Application', NULL, 'KY', 'Plan Review', NULL, NULL, '40216', 'RES-ALT-22-01836', NULL);
INSERT INTO `app_urlresults` VALUES (1184, '2022-12-17 14:37:07.141016', 5, '9205 DEMPLEY AVE', NULL, ' LOUISVILLE', '2022-12-15', NULL, NULL, NULL, NULL, 'Watson Solar Electrical Permit', NULL, 'KY', 'Issued', NULL, NULL, '40272', 'RES-ELC-22-08947', NULL);
INSERT INTO `app_urlresults` VALUES (1185, '2022-12-17 14:37:07.192133', 5, '3220 BON AIR AVE', NULL, ' LOUISVILLE', '2022-12-15', NULL, NULL, NULL, NULL, 'Dougherty Solar Permit Application', NULL, 'KY', 'Plan Review', NULL, NULL, '40220', 'RES-ALT-22-01838', NULL);
INSERT INTO `app_urlresults` VALUES (1186, '2022-12-17 14:37:07.402912', 44, '43445 BUSINESS PARK DR 2', NULL, 'TEMECULA', '2022-12-16', NULL, NULL, NULL, NULL, 'Naomi Bitolas', NULL, 'CA', '', NULL, NULL, ' 92590', 'PMT22-08132', 'FREEDOM FOREVER LLC');
INSERT INTO `app_urlresults` VALUES (1187, '2022-12-17 14:37:07.427470', 19, '5948 FULTONHAM DR', NULL, '', '12/16/2022', 'INSTALL 39 ROOF MOUNTED SOLAR PANELS ONTO CUSTOMER\'S HOME.', NULL, NULL, NULL, NULL, NULL, 'Columbus', 'Submitted', NULL, NULL, NULL, 'PLEX2249945', 'HUTCHINSON CLINTON');
INSERT INTO `app_urlresults` VALUES (1188, '2022-12-17 14:37:07.528333', 7, '1827 DOUBLOON WAY', NULL, ' CHESAPEAKE', '2022-12-16', NULL, NULL, NULL, NULL, 'Leonard Lai PV', NULL, 'VA', 'Permit Issued', NULL, NULL, '23323', 'BLD-ELE-RES-2022-04045', NULL);
INSERT INTO `app_urlresults` VALUES (1189, '2022-12-17 14:37:07.604644', 5, '6128 ARLONE CT', NULL, ' LOUISVILLE', '2022-12-15', NULL, NULL, NULL, NULL, 'Druck Solar Permit Application', NULL, 'KY', 'Plan Review', NULL, NULL, '40216', 'RES-ALT-22-01839', NULL);
INSERT INTO `app_urlresults` VALUES (1190, '2022-12-17 14:37:07.611167', 7, '2401 SANDERSON RD', NULL, ' CHESAPEAKE', '2022-12-16', NULL, NULL, NULL, NULL, 'Salmon Install', NULL, 'VA', 'Permit Issued', NULL, NULL, '23322', 'BLD-ELE-RES-2022-04043', NULL);
INSERT INTO `app_urlresults` VALUES (1191, '2022-12-17 14:37:07.641256', 41, '10909 N Dixon Ave', NULL, 'Tampa', '2022-12-16', NULL, NULL, NULL, NULL, '10909 N Dixon Ave (ACA)', NULL, 'FL', 'In Process', NULL, NULL, '33612', 'BLD-23-0497997', 'Ashley Scott And Lianna Schumacher *');
INSERT INTO `app_urlresults` VALUES (1192, '2022-12-17 14:37:07.682960', 12, '2027 SQUIB LN', NULL, ' FORT COLLINS', '2022-12-16', NULL, NULL, NULL, NULL, '', NULL, 'CO', 'Applied', NULL, NULL, '80524', 'B2208934', NULL);
INSERT INTO `app_urlresults` VALUES (1193, '2022-12-17 14:37:07.709571', 5, '2014 LYNN LEA RD', NULL, ' SHIVELY', '2022-12-15', NULL, NULL, NULL, NULL, 'Payne Solar', NULL, 'KY', 'Issued', NULL, NULL, '40216', 'RES-ELC-22-08955', NULL);
INSERT INTO `app_urlresults` VALUES (1194, '2022-12-17 14:37:07.724631', 7, '1305 JACKIE DR', NULL, ' CHESAPEAKE', '2022-12-16', NULL, NULL, NULL, NULL, 'Solar Panel Project', NULL, 'VA', 'Permit Issued', NULL, NULL, '23324', 'BLD-ELE-RES-2022-04046', NULL);
INSERT INTO `app_urlresults` VALUES (1195, '2022-12-17 14:37:07.780871', 12, '2039 SQUIB LN', NULL, ' FORT COLLINS', '2022-12-16', NULL, NULL, NULL, NULL, '', NULL, 'CO', 'Applied', NULL, NULL, '80524', 'B2208938', NULL);
INSERT INTO `app_urlresults` VALUES (1196, '2022-12-17 14:37:07.907240', 12, '2033 SQUIB LN', NULL, ' FORT COLLINS', '2022-12-16', NULL, NULL, NULL, NULL, '', NULL, 'CO', 'Applied', NULL, NULL, '80524', 'B2208937', NULL);
INSERT INTO `app_urlresults` VALUES (1197, '2022-12-17 14:37:08.018084', 12, '5827 BIG CANYON DR', NULL, ' FORT COLLINS', '2022-12-15', NULL, NULL, NULL, NULL, '', NULL, 'CO', 'Applied', NULL, NULL, '80528', 'B2208925', NULL);
INSERT INTO `app_urlresults` VALUES (1198, '2022-12-17 14:37:08.019085', 38, '20910 PEDREGOSO LANE ', NULL, 'San Antonio', '12/16/2022', '', NULL, NULL, NULL, 'MAZZOCCO- 20910 Pedregoso', NULL, 'TX', 'Active', NULL, NULL, '78258', 'MEP-SOL-PMT22-34927239', NULL);
INSERT INTO `app_urlresults` VALUES (1199, '2022-12-17 14:37:08.040146', 7, '2112 BROADMOOR AVE', NULL, ' CHESAPEAKE', '2022-12-16', NULL, NULL, NULL, NULL, '(9) ROOF MOUNTED SOLAR PANELS - Bland, Traciene', NULL, 'VA', 'Permit Issued', NULL, NULL, '23323', 'BLD-RES-2022-04218', NULL);
INSERT INTO `app_urlresults` VALUES (1200, '2022-12-17 14:37:08.088809', 12, '4220 STONERIDGE DR', NULL, ' FORT COLLINS', '2022-12-12', NULL, NULL, NULL, NULL, '', NULL, 'CO', 'Applied', NULL, NULL, '80525', 'B2208874', NULL);
INSERT INTO `app_urlresults` VALUES (1201, '2022-12-17 14:37:08.116918', 7, '711 HARWAY AVE', NULL, ' CHESAPEAKE', '2022-12-16', NULL, NULL, NULL, NULL, 'SOLAR (1) 0-30 AMP CIRCUIT', NULL, 'VA', 'Permit Issued', NULL, NULL, '23325', 'BLD-ELE-RES-2022-04037', NULL);
INSERT INTO `app_urlresults` VALUES (1202, '2022-12-17 14:37:08.121917', 38, '4703 IDA FALLS ', NULL, 'San Antonio', '12/16/2022', '', NULL, NULL, NULL, 'SAENZ- 4703 Ida Falls', NULL, 'TX', 'Active', NULL, NULL, '78222', 'MEP-SOL-PMT22-34934392', NULL);
INSERT INTO `app_urlresults` VALUES (1203, '2022-12-17 14:37:08.171076', 12, '4015 CELTIC LN', NULL, ' FORT COLLINS', '2022-12-12', NULL, NULL, NULL, NULL, '', NULL, 'CO', 'Applied', NULL, NULL, '80524', 'B2208875', NULL);
INSERT INTO `app_urlresults` VALUES (1204, '2022-12-17 14:37:08.197666', 7, '1305 JACKIE DR', NULL, ' CHESAPEAKE', '2022-12-16', NULL, NULL, NULL, NULL, '(16) ROOF MOUNTED SOLAR PANELS - Reese', NULL, 'VA', 'Permit Issued', NULL, NULL, '23324', 'BLD-RES-2022-04217', NULL);
INSERT INTO `app_urlresults` VALUES (1205, '2022-12-17 14:37:08.225762', 38, '7622 DYEWOOD ', NULL, 'San Antonio', '12/16/2022', '', NULL, NULL, NULL, 'Floria Roberts', NULL, 'TX', 'Active', NULL, NULL, '78249', 'MEP-SOL-PMT22-34935410', NULL);
INSERT INTO `app_urlresults` VALUES (1206, '2022-12-17 14:37:08.277916', 7, '711 HARWAY AVE', NULL, ' CHESAPEAKE', '2022-12-16', NULL, NULL, NULL, NULL, '(8) 3.04 kW DC SOLAR PANELS INSTALLED ON EXISTING RESIDENTIAL ROOF', NULL, 'VA', 'Pending Payment', NULL, NULL, '23325', 'BLD-RES-2022-04216', NULL);
INSERT INTO `app_urlresults` VALUES (1207, '2022-12-17 14:37:08.325609', 38, '6230 PARKLAND OAKS DR ', NULL, 'San Antonio', '12/16/2022', '', NULL, NULL, NULL, 'Titan Solar- Augustine Conejo', NULL, 'TX', 'Active', NULL, NULL, '78240', 'MEP-SOL-PMT22-34940592', NULL);
INSERT INTO `app_urlresults` VALUES (1208, '2022-12-17 14:37:08.354192', 7, '2401 SANDERSON RD', NULL, ' CHESAPEAKE', '2022-12-16', NULL, NULL, NULL, NULL, 'Salmon Install', NULL, 'VA', 'Open', NULL, NULL, '23322', 'BLD-RES-2022-04221', NULL);
INSERT INTO `app_urlresults` VALUES (1209, '2022-12-17 14:37:08.429975', 38, '11218 CASINA VIEW ', NULL, 'San Antonio', '12/16/2022', '', NULL, NULL, NULL, 'SOLAR CASINA', NULL, 'TX', 'Active', NULL, NULL, '78240', 'MEP-SOL-PMT22-34938414', NULL);
INSERT INTO `app_urlresults` VALUES (1210, '2022-12-17 14:37:08.525760', 9, '328 15TH SW 15 ST', NULL, ' FORT LAUDERDALE', '2022-12-16', NULL, NULL, NULL, NULL, 'A/C CHANGEOUT', NULL, 'FL', 'Awaiting Initial Fee Payment', NULL, NULL, ' 33315', 'MEC-HVCHG-22120081', NULL);
INSERT INTO `app_urlresults` VALUES (1211, '2022-12-17 14:37:08.534271', 38, '2603 ROBLES ST ', NULL, 'San Antonio', '12/16/2022', '', NULL, NULL, NULL, 'SOLAR TALLEY', NULL, 'TX', 'Active', NULL, NULL, '78226', 'MEP-SOL-PMT22-34940224', NULL);
INSERT INTO `app_urlresults` VALUES (1212, '2022-12-17 14:37:08.584401', 9, '1337 4TH NW 4 AVE', NULL, ' FORT LAUDERDALE', '2022-12-15', NULL, NULL, NULL, NULL, 'S766 Wang', NULL, 'FL', 'Plan Set Submitted', NULL, NULL, ' 33334', 'ELE-SOL-22120024', NULL);
INSERT INTO `app_urlresults` VALUES (1213, '2022-12-17 14:37:08.621177', 38, '8923 RUSTLING BREEZE ', NULL, 'San Antonio', '12/16/2022', '', NULL, NULL, NULL, 'Biayobzcki', NULL, 'TX', 'Active', NULL, NULL, '78254', 'MEP-SOL-PMT22-34939458', NULL);
INSERT INTO `app_urlresults` VALUES (1214, '2022-12-17 14:37:08.642268', 9, '3430 16TH SW 16 ST', NULL, ' FORT LAUDERDALE', '2022-12-15', NULL, NULL, NULL, NULL, 'S767 Gralnick', NULL, 'FL', 'In Process', NULL, NULL, ' 33312', 'ELE-SOL-22120023', NULL);
INSERT INTO `app_urlresults` VALUES (1215, '2022-12-17 14:37:08.714469', 38, '314 RUSTIC STABLE ', NULL, 'San Antonio', '12/15/2022', '', NULL, NULL, NULL, 'Jaime Manzo', NULL, 'TX', 'Active', NULL, NULL, '78227', 'MEP-SOL-PMT22-34905952', NULL);
INSERT INTO `app_urlresults` VALUES (1216, '2022-12-17 14:37:08.771144', 9, '1760 29TH NW 29 TER', NULL, ' FORT LAUDERDALE', '2022-12-15', NULL, NULL, NULL, NULL, 'Dwight Gaines', NULL, 'FL', 'In Process', NULL, NULL, ' 33312', 'BLD-SOL-22120033', NULL);
INSERT INTO `app_urlresults` VALUES (1217, '2022-12-17 14:37:08.796241', 38, '5711 MIDCROWN DR ', NULL, 'San Antonio', '12/15/2022', '', NULL, NULL, NULL, 'Maria Sanchez', NULL, 'TX', 'Active', NULL, NULL, '78218', 'MEP-SOL-PMT22-34939467', NULL);
INSERT INTO `app_urlresults` VALUES (1218, '2022-12-17 14:37:08.896540', 9, '1019 7TH NW 7 TER', NULL, ' FORT LAUDERDALE', '2022-12-15', NULL, NULL, NULL, NULL, 'DE LA ROSA REROOF', NULL, 'FL', 'Revision Submitted', NULL, NULL, ' 33311', 'BLD-ROOF-22110185.R001', NULL);
INSERT INTO `app_urlresults` VALUES (1219, '2022-12-17 14:37:09.020452', 6, '4051 FALSTONE RD', NULL, ' North Chesterfield', '2022-12-16', NULL, NULL, NULL, NULL, 'BLDG - Solar panels - Nelson Install', NULL, 'VA', 'In Review', NULL, NULL, '23234', '20221216-033', NULL);
INSERT INTO `app_urlresults` VALUES (1220, '2022-12-17 14:37:09.083191', 6, '4051 FALSTONE RD', NULL, ' North Chesterfield', '2022-12-16', NULL, NULL, NULL, NULL, 'ELEC - Solar panels - Nelson install', NULL, 'VA', 'Pending Bldg Permit Issuance', NULL, NULL, '23234', '20221216-037', NULL);
INSERT INTO `app_urlresults` VALUES (1221, '2022-12-17 14:37:09.268729', 6, '807 SUN VALLEY WAY', NULL, ' North Chesterfield', '2022-12-16', NULL, NULL, NULL, NULL, 'BLDG - Solar Panel', NULL, 'VA', 'In Review', NULL, NULL, '23236', '20221216-078', NULL);
INSERT INTO `app_urlresults` VALUES (1222, '2022-12-17 14:37:09.345077', 6, '807 SUN VALLEY WAY', NULL, ' North Chesterfield', '2022-12-16', NULL, NULL, NULL, NULL, 'BLDG - Solar Panles', NULL, 'VA', 'Pending Bldg Permit Issuance', NULL, NULL, '23236', '20221216-079', NULL);
INSERT INTO `app_urlresults` VALUES (1223, '2022-12-17 14:37:09.465507', 6, '618 PADDLE CREEK DR', NULL, ' Midlothian', '2022-12-16', NULL, NULL, NULL, NULL, 'BLDG-Solar', NULL, 'VA', 'Payment Due', NULL, NULL, '23113', '20221216-081', NULL);
INSERT INTO `app_urlresults` VALUES (1224, '2022-12-17 14:37:09.551240', 6, '13800 BLUFF RIDGE DR', NULL, ' Chesterfield', '2022-12-16', NULL, NULL, NULL, NULL, 'BLDG-Solar', NULL, 'VA', 'Payment Due', NULL, NULL, '23838', '20221216-084', NULL);
INSERT INTO `app_urlresults` VALUES (1225, '2022-12-17 14:37:09.564779', 47, '5403 W GRAY ST', NULL, 'TAMPA', '2022-12-16', NULL, NULL, NULL, NULL, '', NULL, 'FL', 'Issued', NULL, NULL, '33609', 'HC-BTR-22-0138988', 'SP ST JAMES LP *');
INSERT INTO `app_urlresults` VALUES (1226, '2022-12-17 14:37:09.580953', 45, '212 WAVERLY CT', NULL, 'LAKE WALES', '12/16/2022', 'Installation of photo voltaic solar panels on rooftop & REPLACE EXISTING GENERAL ELECTRIC 150A EXTERIOR DISCONNECT WITH NEW 150A EXTERIOR DISCONNECT', NULL, NULL, NULL, '', NULL, 'FL', 'Application Received', NULL, NULL, '33859', 'BT-2022-24234', 'FORD GLADYS D *');
INSERT INTO `app_urlresults` VALUES (1227, '2022-12-17 14:37:09.651753', 6, '8407 HANN RD', NULL, ' North Chesterfield', '2022-12-16', NULL, NULL, NULL, NULL, 'ELEC - ADDITION', NULL, 'VA', 'Issued', NULL, NULL, '23236', '20221216-001', NULL);
INSERT INTO `app_urlresults` VALUES (1228, '2022-12-17 14:37:09.704449', 30, '7332, S Alton Way ste 13K', 'David Mechtly', 'Centennial,', '2022-12-01', NULL, NULL, NULL, NULL, '', NULL, 'CO,', 'Issued', NULL, NULL, '80112', 'ELE22-0081-A', NULL);
INSERT INTO `app_urlresults` VALUES (1229, '2022-12-17 14:37:09.756636', 39, '3859 NORTH CAMP CREEK PKWY SW', NULL, 'Atlanta', '12/15/2022', 'INTALLATION OF A 10 Kw ROOF-MOUNTED SOLAR PANEL SYSTEM.', NULL, NULL, NULL, 'SMITH - SOLAR PANELS - XPRS', NULL, 'GA', '', NULL, NULL, '30331', 'PV-202200194', 'JEVOUGHN SMITH *');
INSERT INTO `app_urlresults` VALUES (1230, '2022-12-17 14:37:10.286668', 33, 'LEMONS CHRISTINE', NULL, 'BRIGHTON', '12/15/2022', NULL, NULL, NULL, NULL, NULL, NULL, 'CO', 'Permit Issued', NULL, NULL, '80603', 'BDP22-3678', 'LEMONS DWIGHT AND');
INSERT INTO `app_urlresults` VALUES (1231, '2022-12-17 14:37:10.642599', 11, '790 DEL ORO DR', NULL, ' SAFETY HARBOR', '2022-12-16', NULL, NULL, NULL, NULL, 'SAFETY HARBOR - OOF TOP SOLAR - James Oldham Solar permit', NULL, 'FL', 'In Review', NULL, NULL, '34695', 'BR-SOL-22-00036', NULL);
INSERT INTO `app_urlresults` VALUES (1232, '2022-12-17 14:37:10.691731', 11, '1548 BEVERLY DR', NULL, ' CLEARWATER', '2022-12-16', NULL, NULL, NULL, NULL, 'ROOF MOUNTED SOLAR', NULL, 'FL', 'In Review', NULL, NULL, '33764', 'BR-SOL-22-00037', NULL);
INSERT INTO `app_urlresults` VALUES (1233, '2022-12-17 14:37:10.872202', 11, '5748 WINDBER CT', NULL, ' PALM HARBOR', '2022-12-16', NULL, NULL, NULL, NULL, 'SOLAR - ROOF TOP - George Wegelin', NULL, 'FL', 'In Review', NULL, NULL, '34685', 'BR-SOL-22-00035', NULL);
INSERT INTO `app_urlresults` VALUES (1234, '2022-12-17 14:37:10.947460', 11, '2614 SUNNYSIDE CIR', NULL, ' PALM HARBOR', '2022-12-15', NULL, NULL, NULL, NULL, 'RE- SOLAR MERVIS - 12/16/22', NULL, 'FL', 'In Review', NULL, NULL, '34684', 'BR-SOL-22-00034', NULL);
INSERT INTO `app_urlresults` VALUES (1235, '2022-12-17 14:37:11.021169', 11, '10085 88TH WAY', NULL, ' SEMINOLE', '2022-12-15', NULL, NULL, NULL, NULL, 'Westerberg, Joseph', NULL, 'FL', 'Awaiting Plans', NULL, NULL, '33777', 'BR-SOL-22-00033', NULL);
INSERT INTO `app_urlresults` VALUES (1236, '2022-12-17 14:37:11.117483', 44, '13348, Monte Vista Ave', NULL, 'CHINO', '2022-12-16', NULL, NULL, NULL, NULL, 'ASA2469- MARTIN CECILIA - LANCASTER', NULL, 'CA', '', NULL, NULL, ' 91710', 'PMT22-08130', 'AMERICAN SOLAR ADVANTAGE INC DBA BDH ELECTRICAL CO');
INSERT INTO `app_urlresults` VALUES (1237, '2022-12-17 14:37:11.144075', 37, '6323 CHAUCER VIEW', NULL, 'ALEXANDRIA', '12/16/2022', NULL, NULL, NULL, NULL, 'Mitler Install', NULL, 'VA', 'Plans Received', NULL, NULL, '22304', 'SOLARR-2022-00295', NULL);
INSERT INTO `app_urlresults` VALUES (1238, '2022-12-17 14:37:11.222802', 37, '14720 JARNIGAN', NULL, 'CENTREVILLE', '12/16/2022', NULL, NULL, NULL, NULL, 'Ron Claros-Cano- Solar', NULL, 'VA', 'Plans Received', NULL, NULL, '20120', 'SOLARR-2022-00301', NULL);
INSERT INTO `app_urlresults` VALUES (1239, '2022-12-17 14:37:11.316089', 19, '5054 NORTHOWNE BLVD', NULL, '', '12/16/2022', 'INSTALLATION OF 17 ROOF MOUNT QCELL 365 PV SOLAR PANELS ON EXISTING RESIDENTIALHOME', NULL, NULL, NULL, NULL, NULL, 'Columbus', 'Active', NULL, NULL, NULL, 'PLEX2249930', 'STOKES JAYLEN T');
INSERT INTO `app_urlresults` VALUES (1240, '2022-12-17 14:37:11.338166', 37, '14819 HUNTING PATH', NULL, 'CENTREVILLE', '12/16/2022', NULL, NULL, NULL, NULL, 'David Hentz: Residential Solar', NULL, 'VA', 'Plans Received', NULL, NULL, '20120', 'SOLARR-2022-00297', NULL);
INSERT INTO `app_urlresults` VALUES (1241, '2022-12-17 14:37:11.472603', 37, '9415 WOODED GLEN', NULL, 'BURKE', '12/16/2022', NULL, NULL, NULL, NULL, 'Henry Kron-Solar', NULL, 'VA', 'Plans Received', NULL, NULL, '22015', 'SOLARR-2022-00294', NULL);
INSERT INTO `app_urlresults` VALUES (1242, '2022-12-17 14:37:11.475151', 4, '2964 TRAILSIDE DR', NULL, 'LEXINGTON', '12/16/2022', NULL, NULL, NULL, NULL, NULL, NULL, 'KY', '', NULL, NULL, '40511', 'BLD-CHG-22-04184', 'NUCKOLLS KAREN A & LARRY G *');
INSERT INTO `app_urlresults` VALUES (1243, '2022-12-17 14:37:11.587638', 37, '3534 COURTLAND DR', NULL, 'CHURCH', '12/16/2022', NULL, NULL, NULL, NULL, 'Tyrone Pitts-Solar', NULL, 'VA', 'Plans Received', NULL, NULL, '22041', 'SOLARR-2022-00299', NULL);
INSERT INTO `app_urlresults` VALUES (1244, '2022-12-17 14:37:11.668387', 18, '406 SINGLETON AVE', NULL, 'Alameda', '12/15/2022', 'INSTALL 7.6KW PV ARRAY (19) MODULES, 13.5KWH ENERGY STORAGE SYSTEM , NEW 125A LOAD CENTER', NULL, NULL, NULL, NULL, NULL, 'CA', 'Plan Review', NULL, NULL, '94501', 'SPV22-0159', NULL);
INSERT INTO `app_urlresults` VALUES (1245, '2022-12-17 14:37:11.684460', 37, '1132 MARION', NULL, 'MCLEAN', '12/16/2022', NULL, NULL, NULL, NULL, 'Titan Solar-1132 Marion Avenue', NULL, 'VA', 'Plans Received', NULL, NULL, '22101', 'SOLARR-2022-00296', NULL);
INSERT INTO `app_urlresults` VALUES (1246, '2022-12-17 14:37:11.754742', 18, '2211 CHIPMAN ST', NULL, 'Alameda', '12/15/2022', 'INSTALL 13.2 KW PV ARRAY (33)MODULES AND NEW 125A LOAD CENTER', NULL, NULL, NULL, NULL, NULL, 'CA', '', NULL, NULL, '94501', 'SPV22-0160', NULL);
INSERT INTO `app_urlresults` VALUES (1247, '2022-12-17 14:37:11.770292', 37, '4568 TANOAK', NULL, 'FAIRFAX', '12/16/2022', NULL, NULL, NULL, NULL, 'Mohamed Solar Install', NULL, 'VA', 'Plans Received', NULL, NULL, '22030', 'SOLARR-2022-00300', NULL);
INSERT INTO `app_urlresults` VALUES (1248, '2022-12-17 14:37:11.832519', 18, '20 WELLFLEET BAY', NULL, 'Alameda', '12/13/2022', '***(12/13/2022 R.W.) - REV1: MAIN PANEL CHANGED TO 125 AMP; SE WIRES ARE 2/0 ALUMINUM. REV1 SPV PERMIT TO BE APPROVED AND ISSUED BEFORE ANY CHANGES TO EW22-0377 ARE ALLOWED (SOLAR)*** ***(09/12/2022 R.W.) - REMOVED 200 AMP MAIN SERVICE UPGRADE FROM THIS SOLAR PERMIT. CONTRACTOR HAS APPLIED SEPARATELY FOR EW22-0377*** RESIDENTIAL - INSTALL ROOF MOUNTED SOLAR PV PANELS- 16 MODULES, 16 MICROINVERTERS & NEW **125 AMP MAIN SERVICE UPGRADE ** Square D sc2040125PF**; NEW 30 AMP PV BREAKER (SOLAR/ELEC).', NULL, NULL, NULL, NULL, NULL, 'CA', 'Plan Review', NULL, NULL, '94502', 'SPV22-0102-REV1', NULL);
INSERT INTO `app_urlresults` VALUES (1249, '2022-12-17 14:37:11.852583', 37, '3189 EAKIN PARK', NULL, 'FAIRFAX', '12/16/2022', NULL, NULL, NULL, NULL, 'Glenn Broussard-Solar', NULL, 'VA', 'Plans Received', NULL, NULL, '22031', 'SOLARR-2022-00298', NULL);
INSERT INTO `app_urlresults` VALUES (1250, '2022-12-17 14:37:11.896703', 18, '1428 BENTON ST', NULL, 'Alameda', '12/13/2022', 'INSTALL (8) 400W ROOF MOUNT SOLAR MODULES WITH PV RATING AT 3.2KW', NULL, NULL, NULL, NULL, NULL, 'CA', '', NULL, NULL, '94501', 'SPV22-0157', NULL);
INSERT INTO `app_urlresults` VALUES (1251, '2022-12-17 14:37:11.917250', 37, '14205 WOOD ROCK', NULL, 'CENTREVILLE', '12/16/2022', NULL, NULL, NULL, NULL, 'Corbet Roof Top Solar', NULL, 'VA', '', NULL, NULL, '20121', '22TMP-171815', NULL);
INSERT INTO `app_urlresults` VALUES (1252, '2022-12-17 14:37:11.956372', 18, '429 WHITEHALL RD', NULL, 'Alameda', '12/13/2022', 'REV1 (JM) 12/13/22; SYSTEM SIZE DECREASED TO 8.784 KW TESLA SOLAR ROOF (122 MODULES) CHANGED AND WITH THAT THE LAYOUT AND STRINGING. EQUPIMENT BOS UPDATED, ELECTRICAL LOAD CENTER 225A REMOVED. ***INSTALL 8.928KW TESLA SOLAR (124 ENERGIZED TILES), 13.5 KWH ENERGY STORAGE SYSTEM AND NEW 225A LOAD CENTER', NULL, NULL, NULL, NULL, NULL, 'CA', 'Plan Review', NULL, NULL, '94501', 'SPV22-0018-REV1', NULL);
INSERT INTO `app_urlresults` VALUES (1253, '2022-12-17 14:37:11.986984', 37, '6315 TORRENCE', NULL, 'BURKE', '12/15/2022', NULL, NULL, NULL, NULL, 'ERICK BELTRAN- PV Solar', NULL, 'VA', 'Plans Received', NULL, NULL, '22015', 'SOLARR-2022-00288', NULL);
INSERT INTO `app_urlresults` VALUES (1254, '2022-12-17 14:37:12.034158', 18, '8 BAINBRIDGE SQ', NULL, 'Alameda', '12/13/2022', 'INSTALL 6.8KW PV ARRAY (17 MODULES) + 13.5 KWH ENERGY STORAGE SYSTEM + (N) 200A INTERNAL LOAD CENTER/ BACKUP GATEWAY', NULL, NULL, NULL, NULL, NULL, 'CA', 'Plan Review', NULL, NULL, '94501', 'SPV22-0158', NULL);
INSERT INTO `app_urlresults` VALUES (1255, '2022-12-17 14:37:12.059206', 46, '2056 GARDENIA AVE', NULL, 'PORT CHARLOTTE', '12/15/2022', 'installation of (27) roof mounted solar panels. (Supply Side Tap)', NULL, NULL, NULL, NULL, NULL, 'FL', 'Awaiting Plans', NULL, NULL, '33953', '20221261272', 'LAGRASTA THOMAS GREGORY & REBECCA');
INSERT INTO `app_urlresults` VALUES (1256, '2022-12-17 14:37:12.145888', 18, '138 RATTO RD', NULL, 'Alameda', '12/07/2022', 'RESIDENTIAL - INSTALL 27 KWH ESS & (N) 200AMP INTERNAL LOAD CENTER & (N) 125 AMP LOAD CENTER (SOLAR/ELEC).', NULL, NULL, NULL, NULL, NULL, 'CA', '', NULL, NULL, '94502', 'SPV22-0155', NULL);
INSERT INTO `app_urlresults` VALUES (1257, '2022-12-17 14:37:12.204893', 18, '1324 EAST SHORE DR', NULL, 'Alameda', '12/07/2022', 'RESIDENTIAL - INSTALL 5.6 KW PV ARRAY; 14 MODULES & 13.5 KW ESS & (N) 225 AMP LOAD CENTER (SOLAR/ELEC).', NULL, NULL, NULL, NULL, NULL, 'CA', 'Plan Review', NULL, NULL, '94501', 'SPV22-0156', NULL);
INSERT INTO `app_urlresults` VALUES (1258, '2022-12-17 14:37:12.267113', 18, '1312 BROADWAY', NULL, 'Alameda', '12/07/2022', '***(12/07/2022 R.W.) -REV1: REVISED EQUIPMENT LOCATIONS & UTILIZED TESLA GATEWAY PANELBOARD (ELEC)*** ROOF MOUNTED SMALL-SCALE 4.98KW SINGLE PHASE PV ARRAY, INSTALL EANERGY STORAGE SYSTEM 5KW DC, INSTALL GENERATION SUB PANEL, HOME LOAD SUBPANEL TESLA GATEWAY, EMERGENCY STOP SWITCH AND POWERWALL INSTALL (ELEC)', NULL, NULL, NULL, NULL, NULL, 'CA', 'Plan Review', NULL, NULL, '94501', 'SPV22-0131-REV1', NULL);
INSERT INTO `app_urlresults` VALUES (1259, '2022-12-17 14:37:12.327736', 18, '2125 STANFORD ST', NULL, 'Alameda', '12/05/2022', 'RESIDENTIAL - BLDG 8 \"WATERSIDE.\" INSTALLATION OF ROOF MOUNTED PV SYSTEM - 3.50KW, 10 PANELS FOR (2) UNITS & 2.80KW, 8 PANELS FOR (4) UNITS (SOLAR). INDIVIDUAL ADDRESSES INCLUDE: 2127, 2129, 2131, 2133, 2135 & 2137 STANFORD ***DO NOT EXPIRE PERMIT WITHOUT BUILDING OFFICIAL\'S APPROVAL.***', NULL, NULL, NULL, NULL, NULL, 'CA', 'Plan Review', NULL, NULL, '94501', 'SPV22-0152', NULL);
INSERT INTO `app_urlresults` VALUES (1260, '2022-12-17 14:37:12.496756', 48, 'PO BOX 2256', NULL, 'CLEARWATER', '2022-12-15', NULL, NULL, NULL, NULL, 'CLEARWATER PROPERTY INVESTMENTS LLC -- Plan Amendment(BCP2022-110180)', NULL, 'FL', 'In Review', NULL, NULL, '33757', 'BCP2022-110180A', 'CLEARWATER PROPERTY INVESTMENTS LLC');
INSERT INTO `app_urlresults` VALUES (1261, '2022-12-17 14:37:12.648093', 31, 'SAN RAMON', 'Complete Solar', 'CA', '12/16/2022', NULL, NULL, NULL, NULL, '', NULL, '94583', 'Initialized', NULL, NULL, 'United States', 'B202217124', NULL);
INSERT INTO `app_urlresults` VALUES (1262, '2022-12-17 14:37:12.792517', 36, '5111 LANSDOWNE WAY', NULL, 'PALMETTO', '2022-12-16', 'Install roof mounted PV solar system', NULL, NULL, NULL, 'Rodney Dawson', NULL, 'FL', 'New', NULL, NULL, '34221', 'BLD2212-1916', NULL);
INSERT INTO `app_urlresults` VALUES (1263, '2022-12-17 14:37:12.870251', 36, '414 133RD ST E', NULL, 'BRADENTON', '2022-12-15', 'roof mounted pv solar system installation', NULL, NULL, NULL, 'Hall Electrical Systems', NULL, 'FL', '', NULL, NULL, '34212', '22TMP-086543', NULL);
INSERT INTO `app_urlresults` VALUES (1264, '2022-12-17 14:37:12.956986', 36, '12327 NANTAHALA RUN', NULL, 'PARRISH', '2022-12-15', 'Install Roof Mounted Solar PV System', NULL, NULL, NULL, 'Deras PV', NULL, 'FL', 'In Review', NULL, NULL, '34219', 'BLD2212-1756', NULL);
INSERT INTO `app_urlresults` VALUES (1265, '2022-12-17 14:37:13.040732', 36, '5415 LEVANA ST', NULL, 'PALMETTO', '2022-12-15', 'Install Roof Mounted Solar PV System', NULL, NULL, NULL, 'Guerrero PV', NULL, 'FL', 'In Review', NULL, NULL, '34221', 'BLD2212-1754', NULL);
INSERT INTO `app_urlresults` VALUES (1266, '2022-12-17 14:37:13.122459', 36, '6619 CONNECTICUT AVE', NULL, 'SARASOTA', '2022-12-15', 'Install Roof Mounted Solar PV System', NULL, NULL, NULL, 'Zeno PV', NULL, 'FL', 'In Review', NULL, NULL, '34243', 'BLD2212-1753', NULL);
INSERT INTO `app_urlresults` VALUES (1267, '2022-12-17 14:37:13.202662', 36, '3203 6TH AVE W', NULL, 'PALMETTO', '2022-12-15', 'Installation of photo voltaic solar panels on rooftop & REPLACE EXISTING METERMAIN WITH NEW 200A BUS RATED METERMAIN WITH 150A MAIN BREAKER', NULL, NULL, NULL, 'Mary Holland', NULL, 'FL', 'New', NULL, NULL, '34221', 'BLD2212-1645', NULL);
INSERT INTO `app_urlresults` VALUES (1268, '2022-12-17 14:37:13.274465', 36, '3002 36TH AVE W', NULL, 'BRADENTON', '2022-12-14', 'Installation of photo voltaic solar panels on rooftop', NULL, NULL, NULL, 'Charles Pro', NULL, 'FL', 'New', NULL, NULL, '34205', 'BLD2212-1576', NULL);
INSERT INTO `app_urlresults` VALUES (1269, '2022-12-17 14:37:13.346163', 36, '106 65TH AVENUE DR W', NULL, 'BRADENTON', '2022-12-14', 'Roof Mounted Solar Panel Installation', NULL, NULL, NULL, 'Juanita Guinn', NULL, 'FL', 'In Review', NULL, NULL, '34207', 'BLD2212-1572', NULL);
INSERT INTO `app_urlresults` VALUES (1270, '2022-12-17 14:37:13.431399', 36, '5702 NEW PARIS WAY', NULL, 'ELLENTON', '2022-12-14', '5.20 kw pv solar panel installation roof mounted', NULL, NULL, NULL, 'Kruchok_solar panel', NULL, 'FL', 'Awaiting Required Documents', NULL, NULL, '34222', 'BLD2212-1476', NULL);
INSERT INTO `app_urlresults` VALUES (1271, '2022-12-17 14:37:13.505093', 36, '333 PEACE MANOR', NULL, 'PALMETTO', '2022-12-14', 'Installation of photo voltaic solar panels on rooftop & REPLACE EXISTING 100A EXTERIOR DISCONNECT WITH NEW 100A EXTERIOR DISCONNECT AND 100A MAIN BREAKER', NULL, NULL, NULL, 'Roy McLeod', NULL, 'FL', 'Awaiting Required Documents', NULL, NULL, '34221', 'BLD2212-1441', NULL);
INSERT INTO `app_urlresults` VALUES (1272, '2022-12-17 14:37:13.585814', 36, '5826 143RD CT E', NULL, 'BRADENTON', '2022-12-14', 'Installing 28 roof mounted solar panels. 28 micro inverters. One 45 Amp main breaker (10.22 kw).', NULL, NULL, NULL, 'Chrisbel Dafeamekpor', NULL, 'FL', 'New', NULL, NULL, '34211', 'BLD2212-1433', NULL);
INSERT INTO `app_urlresults` VALUES (1273, '2022-12-17 14:37:13.652464', 36, '5323 CORAL REEF WAY', NULL, 'BRADENTON', '2022-12-13', 'installation of roof mounted solar pv system', NULL, NULL, NULL, 'Julio Camacho', NULL, 'FL', '', NULL, NULL, '34211', '22TMP-085975', NULL);
INSERT INTO `app_urlresults` VALUES (1274, '2022-12-17 14:37:13.727246', 36, '1007 DE LEO DR', NULL, 'SARASOTA', '2022-12-13', '13.505kw roof mount PV Solar System', NULL, NULL, NULL, 'Valentin, Jacinto', NULL, 'FL', '', NULL, NULL, '34243', '22TMP-085886', NULL);
INSERT INTO `app_urlresults` VALUES (1275, '2022-12-17 14:37:13.803480', 36, '10419 MORNING MARSH LN', NULL, 'PARRISH', '2022-12-13', 'Installation of a rooftop photovoltaic system with battery storage', NULL, NULL, NULL, 'Edgar Duvall', NULL, 'FL', '', NULL, NULL, '34219', '22TMP-085841', NULL);
INSERT INTO `app_urlresults` VALUES (1276, '2022-12-17 14:37:13.902260', 36, '10840 FOREST RUN CIR', NULL, 'BRADENTON', '2022-12-13', 'Installation of a grid-tied roof-mounted photovoltaic system', NULL, NULL, NULL, 'Faith Frost', NULL, 'FL', 'New', NULL, NULL, '34211', 'BLD2212-1358', NULL);
INSERT INTO `app_urlresults` VALUES (1277, '2022-12-17 14:37:13.991545', 36, '7328 CHELSEA CT UNIVERSITY', NULL, 'PARK', '2022-12-13', 'NCRQD: SOLAR PANEL INSTALL (ROOF MOUNT) / LOT 7 CHELSEA', NULL, NULL, NULL, 'Cynthia McKoy', NULL, 'FL', 'Review Verification', NULL, NULL, '34201', 'BLD2212-1338', NULL);
INSERT INTO `app_urlresults` VALUES (1278, '2022-12-17 14:37:14.079806', 36, '276 DAHLIA CT', NULL, 'BRADENTON', '2022-12-13', 'NCRQD: SOLAR PHOTOVOLTAIC SYSTEM - 28 SOLAR PANELS ROOF MOUNT LOT 90 GREYHAWK LANDING PH 3', NULL, NULL, NULL, 'SUSANN ELLIOTT', NULL, 'FL', 'Review Verification', NULL, NULL, '34212', 'BLD2212-1300', NULL);
INSERT INTO `app_urlresults` VALUES (1279, '2022-12-17 14:37:14.176091', 36, '2969 GREAT ABACO WAY', NULL, 'BRADENTON', '2022-12-13', 'Photovoltaic Solar System Rooftop Installation', NULL, NULL, NULL, 'Jose Colmenares', NULL, 'FL', 'New', NULL, NULL, '34208', 'BLD2212-1265', NULL);
INSERT INTO `app_urlresults` VALUES (1280, '2022-12-17 14:37:14.282951', 36, '5408 4TH STREET CT E', NULL, 'BRADENTON', '2022-12-13', 'Installation of roof mounted solar system', NULL, NULL, NULL, 'Ione Jenefsky', NULL, 'FL', 'In Review', NULL, NULL, '34203', 'BLD2212-1239', NULL);
INSERT INTO `app_urlresults` VALUES (1281, '2022-12-17 14:37:14.324082', 44, '13348 MONTE VISTA AVE', NULL, 'CHINO', '2022-12-16', NULL, NULL, NULL, NULL, 'ASA2207- Bauer Justin - Lancaster', NULL, 'CA', '', NULL, NULL, ' 91710', 'PMT22-08129', 'AMERICAN SOLAR ADVANTAGE INC DBA BDH ELECTRICAL CONSTRUCTION');
INSERT INTO `app_urlresults` VALUES (1282, '2022-12-17 14:37:14.390307', 36, '14501 20TH ST E', NULL, 'PARRISH', '2022-12-12', 'To install a 11.44kw pv array roof mounted solar system with 26 panels.', NULL, NULL, NULL, 'JOHN WARYCH', NULL, 'FL', 'Awaiting Required Documents', NULL, NULL, '34219', 'BLD2212-1193', NULL);
INSERT INTO `app_urlresults` VALUES (1283, '2022-12-17 14:37:14.397824', 16, '7794 PINK GINGER ST', 'VILLASENOR MARLO ALEXANDRIA *', 'Las Vegas', '12/16/2022', '15.17 kw rooftop solar pv', NULL, NULL, NULL, 'Solar PV / Villasenor', NULL, 'NV', 'In Review', NULL, NULL, '89123', 'BD22-60916', NULL);
INSERT INTO `app_urlresults` VALUES (1284, '2022-12-17 14:37:14.758130', 3, '30759 PARROT REEF CT', NULL, 'CHAPEL 33545-5180', '12/16/2022', 'Installation of roof mounted PV system.', NULL, '', NULL, 'Ricciotti Solar', NULL, 'FL', 'Plans Received', NULL, NULL, '33545', 'RESENERGY-2022-002695', 'RICCIOTTI ANTHONY J & KIMBERLY D *');
INSERT INTO `app_urlresults` VALUES (1285, '2022-12-17 14:37:14.782181', 45, '506 PATTON LOOP', NULL, 'BARTOW', '12/16/2022', '4.80 kw pv solar panel installation roof mounted', NULL, NULL, NULL, '', NULL, 'FL', 'Application Received', NULL, NULL, '33830', 'BT-2022-24231', 'POPE MICHAEL RAY *');
INSERT INTO `app_urlresults` VALUES (1286, '2022-12-17 14:37:15.249391', 19, '2391 CREEK VIEW PL', NULL, 'GROVE CITY', '12/16/2022', 'INSTALLATION OF 17 ROOF MOUNT QCELL 365 PV SOLAR PANELS ON EXISTING RESIDENTIAL HOME', NULL, NULL, NULL, NULL, NULL, 'Columbus', 'Active', NULL, NULL, NULL, 'PLEX2249929', 'CHAPMAN SUSAN D');
INSERT INTO `app_urlresults` VALUES (1287, '2022-12-17 14:37:15.303045', 35, '11847 YORBA AVE', NULL, 'CHINO', '12/16/2022', NULL, NULL, NULL, NULL, 'Photovoltaic System', NULL, 'CA', 'Pending', NULL, NULL, '91710', 'B22-3742', 'PADILLA, JOSEFINA');
INSERT INTO `app_urlresults` VALUES (1288, '2022-12-17 14:37:15.505652', 4, '3419 WINTHROP DR', NULL, 'LEXINGTON', '12/16/2022', NULL, NULL, NULL, NULL, NULL, NULL, 'KY', '', NULL, NULL, '40503', 'BLD-CHG-22-04185', 'HEHL MARSHALL *');
INSERT INTO `app_urlresults` VALUES (1289, '2022-12-17 14:37:16.210545', 39, '925 GILBERT ST SE', NULL, 'Atlanta', '12/13/2022', 'INSTALLATION OF A 6 kW UTILITY INTERACTIVE PHOTOVOLTAIC SOLAR SYSTEM AND ANY NECESSARY ADDITIONAL WORK NEEDED FOR INSTALLATION.', NULL, NULL, NULL, 'PRIDGEON - SOLAR PANELS - XPRS', NULL, 'GA', '', NULL, NULL, '30316', 'PV-202200193', 'GREGORY PRIDGEON *');
INSERT INTO `app_urlresults` VALUES (1290, '2022-12-17 14:37:16.358804', 43, '11610 TUPELO ST', NULL, 'RENO', '12/16/2022', 'PV Roof Mount 15.20KW, 38 Panels, (N) Sub Panel', NULL, NULL, NULL, 'Mello 11610 Tupelo', NULL, 'NV', 'Received', NULL, NULL, '89506', 'WBLD22-105622', 'MELLO, JOE & AMANDA *');
INSERT INTO `app_urlresults` VALUES (1291, '2022-12-17 14:37:16.656583', 33, 'CHACON VALDENEGRO LIZETH', NULL, 'DENVER', '12/14/2022', NULL, NULL, NULL, NULL, NULL, NULL, 'CO', 'Permit Issued', NULL, NULL, '80229', 'BDP22-3671', 'ESTRADA JORGE M AND');
INSERT INTO `app_urlresults` VALUES (1292, '2022-12-17 14:37:17.286806', 16, '6835 HIDDEN SUNSET LN', 'SALAPATEK KENNETH C & DARCY L *', 'Las Vegas', '12/16/2022', '29.2kW Rooftop solar installation. 73 solar modules with one inverter.', NULL, NULL, NULL, '237655_Salapatek_PV', NULL, 'NV', 'In Review', NULL, NULL, '89120', 'BD22-60912', NULL);
INSERT INTO `app_urlresults` VALUES (1293, '2022-12-17 14:37:17.455205', 46, '13406 COMMONWEALTH AVE', NULL, 'PORT CHARLOTTE', '12/15/2022', 'Installation of (31) roof mounted solar panels. (Supply Side Tap)', NULL, NULL, NULL, NULL, NULL, 'FL', 'In Review', NULL, NULL, '33981', '20221261212', 'MILLER SCOT JAMES & SANDRA MULLIKIN');
INSERT INTO `app_urlresults` VALUES (1294, '2022-12-17 14:37:17.574518', 48, '1505 LEVERN ST', NULL, 'CLEARWATER', '2022-12-15', NULL, NULL, NULL, NULL, 'Solar Panels - meloy -- Plan Amendment(BCP2022-100779)', NULL, 'FL', 'Additional Info Required', NULL, NULL, '33755', 'AMD2022-12574', 'DEBRA L MELOY');
INSERT INTO `app_urlresults` VALUES (1295, '2022-12-17 14:37:17.967580', 44, '43445 BUSINESS PARK DR 2', NULL, 'TEMECULA', '2022-12-16', NULL, NULL, NULL, NULL, 'Katherine Perez', NULL, 'CA', '', NULL, NULL, ' 92590', 'PMT22-08126', 'FREEDOM FOREVER LLC');
INSERT INTO `app_urlresults` VALUES (1296, '2022-12-17 14:37:18.174203', 22, '4919 SOUTH PT', NULL, ' DISCOVERY BAY', '2022-12-16', 'SYSTEM SIZE: 8.140 kWp, MODULE: (22) REC SOLAR REC370AA OPTIMIZER: S440 SOLAR EDGE OPTIMIZER', NULL, NULL, NULL, 'SYSTEM SIZE: 8.140 kWp, MODULE: (22) REC SOLAR REC370AA OPTIMIZER: S440 SOLAR EDGE OPTIMIZER', NULL, 'CA', 'Applied-Pending', NULL, NULL, '94505', 'BIPVR22-014222', NULL);
INSERT INTO `app_urlresults` VALUES (1297, '2022-12-17 14:37:18.273094', 22, '2013 HERMINE AVE', NULL, ' WALNUT CREEK', '2022-12-16', 'Qty. 26 - REC Solar Model: REC410AA Pure Qty. 26 - Enphase Energy Model: IQ8PLUS-72-2-US [240V] 10.66 KW and a New 100AMP Sub panel', NULL, NULL, NULL, 'Qty. 26 - REC Solar Model: REC410AA Pure Qty. 26 - Enphase Energy Model: IQ8PLUS-72-2-US [240V] 10.66 KW and a New 100AMP Sub panel', NULL, 'CA', 'Applied-Pending', NULL, NULL, '94596', 'BIPVR22-014216', NULL);
INSERT INTO `app_urlresults` VALUES (1298, '2022-12-17 14:37:18.372018', 22, '920 RELIEZ STATION RD', NULL, ' LAFAYETTE', '2022-12-16', 'INSTALL 14.4kW Modules Roof Mounted PV / Energy Storage Systems', NULL, NULL, NULL, 'INSTALL 14.4kW Modules Roof Mounted PV / Energy Storage Systems', NULL, 'CA', 'Applied-Pending', NULL, NULL, '94549', 'BIPVR22-014215', NULL);
INSERT INTO `app_urlresults` VALUES (1299, '2022-12-17 14:37:18.465434', 22, '0 WEST WIND PL', NULL, ' BETHEL ISLAND', '2022-12-16', 'Installation of Roof Mounted Photovoltaic System 9 modules 3.15kw 32 Freeboard Court Lot 1302 Beacon At Delta Coves **4 FREEBOARD COURT', NULL, NULL, NULL, 'Installation of Roof Mounted Photovoltaic System 9 modules 3.15kw 32 Freeboard Court Lot 1302 Beacon At Delta Coves **4 FREEBOARD COURT', NULL, 'CA', 'Applied-Pending', NULL, NULL, '94511', 'BIPVR22-014205', NULL);
INSERT INTO `app_urlresults` VALUES (1300, '2022-12-17 14:37:18.545709', 22, '1142 TARAYA TER', NULL, ' HERCULES', '2022-12-16', '3.8w AC (12) Panel Roofmount PV System', NULL, NULL, NULL, '3.8w AC (12) Panel Roofmount PV System', NULL, 'CA', 'Applied-Pending', NULL, NULL, '94547', 'BIPVR22-014194', NULL);
INSERT INTO `app_urlresults` VALUES (1301, '2022-12-17 14:37:18.626974', 22, '5089 ENDERBY ST', NULL, ' DANVILLE', '2022-12-15', 'Residential roof-mounted PV system: 12.24kW 34 modules, main panel derate to 175A', NULL, NULL, NULL, 'Residential roof-mounted PV system: 12.24kW 34 modules, main panel derate to 175A', NULL, 'CA', 'Applied-Pending', NULL, NULL, '94506', 'BIPVR22-014189', NULL);
INSERT INTO `app_urlresults` VALUES (1302, '2022-12-17 14:37:18.747388', 22, '119 ROMERO CIR', NULL, ' ALAMO', '2022-12-15', 'Install 13.6 kW DC roof-mount PV system with 34 modules and 1 inverter.', NULL, NULL, NULL, 'Install 13.6 kW DC roof-mount PV system with 34 modules and 1 inverter.', NULL, 'CA', 'Applied-Pending', NULL, NULL, '94507', 'BIPVR22-014181', NULL);
INSERT INTO `app_urlresults` VALUES (1303, '2022-12-17 14:37:18.827166', 47, '5305 LAKE SIENA DR', NULL, 'WIMAUMA', '2022-12-16', NULL, NULL, NULL, NULL, '', NULL, 'FL', 'Issued', NULL, NULL, '33598', 'HC-BTR-22-0139043', 'KEARSTEN DIAZYAGO JONES *');
INSERT INTO `app_urlresults` VALUES (1304, '2022-12-17 14:37:18.828175', 41, '2414 E Clark St', NULL, 'Tampa', '2022-12-16', NULL, NULL, NULL, NULL, '2414 E Clark St (ACA)', NULL, 'FL', 'Issued', NULL, NULL, '33605', 'BTR-23-0561925', 'Isabelino And Emma Rosario *');
INSERT INTO `app_urlresults` VALUES (1305, '2022-12-17 14:37:18.873309', 22, '780 BEAVER LN', NULL, ' DISCOVERY BAY', '2022-12-15', 'Install 7.6kw Pv Solar System to existing roof', NULL, NULL, NULL, 'Install 7.6kw Pv Solar System to existing roof', NULL, 'CA', 'Applied-Pending', NULL, NULL, '94505', 'BIPVR22-014177', NULL);
INSERT INTO `app_urlresults` VALUES (1306, '2022-12-17 14:37:18.880829', 40, '716 SWAYING PINE WAY', NULL, 'DELAND', '12/15/2022', 'Installing a new roof mounted PV solar system.', NULL, NULL, NULL, 'Blanche Burden Solar Project', NULL, 'FL', 'In Review', NULL, NULL, '32724', 'BD22-4169', 'BURDEN BLANCHE *');
INSERT INTO `app_urlresults` VALUES (1307, '2022-12-17 14:37:18.882341', 35, '12724 3RD ST', NULL, 'CHINO', '12/16/2022', NULL, NULL, NULL, NULL, 'Photovoltaic System', NULL, 'CA', 'Applied', NULL, NULL, '91710', 'B22-3740', 'ROY, RYAN NICHOLAS');
INSERT INTO `app_urlresults` VALUES (1308, '2022-12-17 14:37:18.974223', 22, '2065 NORRIS RD', NULL, ' WALNUT CREEK', '2022-12-15', 'This is for the ADU in front of the house. The address is 2067 Norris Road. Installing 3.20kw with 8 solar panels', NULL, NULL, NULL, 'This is for the ADU in front of the house. The address is 2067 Norris Road. Installing 3.20kw with 8 solar panels', NULL, 'CA', 'Applied-Pending', NULL, NULL, '94596', 'BIPVR22-014170', NULL);
INSERT INTO `app_urlresults` VALUES (1309, '2022-12-17 14:37:19.009781', 19, '2047 CANNINGTON CT', NULL, '', '12/16/2022', 'INSALLATION OF 12 ROOF MOUNT QCELL 365 PV SOLAR PANELS ON EXISTING RESIDENTIAL HOME. MSPU REQUIRED.', NULL, NULL, NULL, NULL, NULL, 'Columbus', 'Active', NULL, NULL, NULL, 'PLEX2249925', 'BESONG COLLINS E');
INSERT INTO `app_urlresults` VALUES (1310, '2022-12-17 14:37:19.048415', 22, '4021 VIA ESTRELLA', NULL, ' MARTINEZ', '2022-12-15', 'SFR ROOF MOUNTED PV SYSTEM, COMP, 15 PANELS, 6.000 KW', NULL, NULL, NULL, 'SFR ROOF MOUNTED PV SYSTEM, COMP, 15 PANELS, 6.000 KW', NULL, 'CA', 'Applied-Pending', NULL, NULL, '94553', 'BIPVR22-014155', NULL);
INSERT INTO `app_urlresults` VALUES (1311, '2022-12-17 14:37:19.620236', 34, '3331 Pirates Cove Cove', NULL, ' Crystal Beacj', '2022-12-08', '', NULL, NULL, NULL, NULL, NULL, 'TX', '', NULL, NULL, '77650', '22TMP-009629', NULL);
INSERT INTO `app_urlresults` VALUES (1312, '2022-12-17 14:37:19.680901', 34, '3613 83rd Street', NULL, ' Galveston', '2022-12-07', '', NULL, NULL, NULL, NULL, NULL, 'TX', 'Issued', NULL, NULL, '77554', 'RES2022-01643', NULL);
INSERT INTO `app_urlresults` VALUES (1313, '2022-12-17 14:37:19.698965', 49, '10 GABLES BLVD', NULL, 'WESTON', '2022-12-15', NULL, NULL, NULL, NULL, 'Solar System', NULL, 'FL', 'In Review', NULL, NULL, '33326', 'B23-00552', 'JEPSEN,JESPER & MONICA *');
INSERT INTO `app_urlresults` VALUES (1314, '2022-12-17 14:37:19.741076', 34, '2809 Ave P 1/2', NULL, ' Galveston', '2022-12-07', '', NULL, NULL, NULL, NULL, NULL, 'TX', 'Permit Issued', NULL, NULL, '77550', 'ELE2022-01701', NULL);
INSERT INTO `app_urlresults` VALUES (1315, '2022-12-17 14:37:19.801268', 34, '3520 Ave J', NULL, ' Galveston', '2022-12-01', '', NULL, NULL, NULL, NULL, NULL, 'TX', 'Approved', NULL, NULL, '77550', 'RES2022-01615', NULL);
INSERT INTO `app_urlresults` VALUES (1316, '2022-12-17 14:37:19.906667', 4, '2056 LAKESIDE DR', NULL, 'LEXINGTON', '12/16/2022', NULL, NULL, NULL, NULL, NULL, NULL, 'KY', '', NULL, NULL, '40502', 'BLD-RREM-22-00596', 'GRIFFIN PHILIP B AND PRISCILLA R *');
INSERT INTO `app_urlresults` VALUES (1317, '2022-12-17 14:37:20.244354', 29, '1705 S MILWAUKEE ST', NULL, ' Boise', '2022-12-16', NULL, NULL, NULL, NULL, 'Darmody Real Estate LLC 32 KW Solar', NULL, 'ID', 'Prescreen', NULL, NULL, '83709', 'BLD22-04189', NULL);
INSERT INTO `app_urlresults` VALUES (1318, '2022-12-17 14:37:20.244354', 50, '3409 N JINEBRA DR', NULL, 'PHARR', '2022-12-12', NULL, NULL, NULL, NULL, '', NULL, 'TX', 'Issued', NULL, NULL, '78577', 'SOL2022-00278', 'GUTIERREZ LEONOR *');
INSERT INTO `app_urlresults` VALUES (1319, '2022-12-17 14:37:20.310057', 29, '4118 E APHRODITE DR', NULL, ' Boise', '2022-12-16', NULL, NULL, NULL, NULL, 'Homeowner PV-Christian', NULL, 'ID', 'Issued', NULL, NULL, '83716', 'ELE22-04841', NULL);
INSERT INTO `app_urlresults` VALUES (1320, '2022-12-17 14:37:20.388348', 29, '9362 W WICHITA ST', NULL, ' Boise', '2022-12-16', NULL, NULL, NULL, NULL, 'David Greenland', NULL, 'ID', 'Issued', NULL, NULL, '83709', 'ELE22-04840', NULL);
INSERT INTO `app_urlresults` VALUES (1321, '2022-12-17 14:37:20.454522', 29, '11300 W SECRETARIAT CT', NULL, ' Boise', '2022-12-16', NULL, NULL, NULL, NULL, 'PV-solar Beverly McGillivary', NULL, 'ID', 'Issued', NULL, NULL, '83713', 'ELE22-04842', NULL);
INSERT INTO `app_urlresults` VALUES (1322, '2022-12-17 14:37:20.512684', 29, '1850 S RAND ST', NULL, ' Boise', '2022-12-15', NULL, NULL, NULL, NULL, 'Marosvari - Solar', NULL, 'ID', 'Issued', NULL, NULL, '83709', 'ELE22-04834', NULL);
INSERT INTO `app_urlresults` VALUES (1323, '2022-12-17 14:37:20.570403', 29, '10015 W SAGRAMORE AVE', NULL, ' Boise', '2022-12-15', NULL, NULL, NULL, NULL, 'Salvador Guerrero - Solar', NULL, 'ID', 'Issued', NULL, NULL, '83704', 'ELE22-04831', NULL);
INSERT INTO `app_urlresults` VALUES (1324, '2022-12-17 14:37:20.576441', 16, '3180 S PIONEER WAY', 'WADE DALLAS ELIJAH *', 'Las Vegas', '12/16/2022', '25.915 Kw roof mounted grid tied PV system. 71 panels, 71 micro inverters', NULL, NULL, NULL, 'Dallas Wade SOLAR', NULL, 'NV', 'In Review', NULL, NULL, '89117', 'BD22-60911', NULL);
INSERT INTO `app_urlresults` VALUES (1325, '2022-12-17 14:37:20.625080', 29, '11553 W CAMAS ST', NULL, ' Boise', '2022-12-15', NULL, NULL, NULL, NULL, 'Boss Solar Install', NULL, 'ID', 'In Review', NULL, NULL, '83709', 'BLD22-04155', NULL);
INSERT INTO `app_urlresults` VALUES (1326, '2022-12-17 14:37:20.684736', 29, '10696 W TREELINE CT', NULL, ' Boise', '2022-12-15', NULL, NULL, NULL, NULL, 'Stanton Solar Install', NULL, 'ID', 'Issued', NULL, NULL, '83713', 'ELE22-04824', NULL);
INSERT INTO `app_urlresults` VALUES (1327, '2022-12-17 14:37:20.756974', 29, '6943 W LAMPLIGHTER ST', NULL, ' Boise', '2022-12-14', NULL, NULL, NULL, NULL, 'Rebekah Jillson - SOLAR', NULL, 'ID', 'Issued', NULL, NULL, '83714', 'ELE22-04816', NULL);
INSERT INTO `app_urlresults` VALUES (1328, '2022-12-17 14:37:20.835177', 29, '902 W LINDEN ST', NULL, ' Boise', '2022-12-14', NULL, NULL, NULL, NULL, 'Homeowner PV-Haumann', NULL, 'ID', 'Issued', NULL, NULL, '83706', 'ELE22-04810', NULL);
INSERT INTO `app_urlresults` VALUES (1329, '2022-12-17 14:37:21.059871', 44, '775 Fiero Ln Ste. 200', NULL, 'San Luis Obispo', '2022-12-16', NULL, NULL, NULL, NULL, '128R-761GONZ', NULL, 'CA', '', NULL, NULL, ' 93401', 'PMT22-08124', 'SUNRUN INSTALLATION SERVICES INC');
INSERT INTO `app_urlresults` VALUES (1330, '2022-12-17 14:37:21.905060', 43, '170 W COYOTE DR', NULL, 'WASHOE VALLEY', '12/16/2022', 'Roof Mount 8.69 kW PV ARRAY / 22 Mods New 125A Sub Panel', NULL, NULL, NULL, 'Cox - Solar', NULL, 'NV', 'Received', NULL, NULL, '89704', 'WBLD22-105618', 'COX, EDWARD A *');
INSERT INTO `app_urlresults` VALUES (1331, '2022-12-17 14:37:21.965811', 28, '1295 04 W AVENIDA DEL VALLE ', NULL, ' QUEEN CREEK', '2022-12-13', NULL, NULL, NULL, NULL, 'PV SOLAR, LOT 80, OVATION', NULL, 'AZ', 'Out for Corrections', NULL, NULL, '85140', 'B22-4410', NULL);
INSERT INTO `app_urlresults` VALUES (1332, '2022-12-17 14:37:22.026495', 28, '21465 01 E PECAN LN', NULL, ' QUEEN CREEK', '2022-12-12', NULL, NULL, NULL, NULL, 'Strand Solar Install', NULL, 'AZ', 'Applied-Deficient', NULL, NULL, '85142', 'B22-4383', NULL);
INSERT INTO `app_urlresults` VALUES (1333, '2022-12-17 14:37:22.147853', 28, '20981 01 E SADDLE WAY', NULL, ' QUEEN CREEK', '2022-12-09', NULL, NULL, NULL, NULL, 'PV SOLAR, LOT 115, QUEENLAND MANOR', NULL, 'AZ', 'Plan Review Approved', NULL, NULL, '85142', 'B22-4380', NULL);
INSERT INTO `app_urlresults` VALUES (1334, '2022-12-17 14:37:22.210514', 28, '21390 01 S 222ND ST', NULL, ' QUEEN CREEK', '2022-12-09', NULL, NULL, NULL, NULL, 'PV SOLAR, LOT 96, CHARLESTON ESTATES', NULL, 'AZ', 'Plan Review Approved', NULL, NULL, '85142', 'B22-4381', NULL);
INSERT INTO `app_urlresults` VALUES (1335, '2022-12-17 14:37:22.319309', 28, '22768 01 E MAYA RD', NULL, ' QUEEN CREEK', '2022-12-09', NULL, NULL, NULL, NULL, 'PV SOLAR, LOT 318, SPUR CROSS', NULL, 'AZ', 'Out for Corrections', NULL, NULL, '85142', 'B22-4374', NULL);
INSERT INTO `app_urlresults` VALUES (1336, '2022-12-17 14:37:22.375458', 28, '36029 04 N STONEWARE DR', NULL, ' QUEEN CREEK', '2022-12-09', NULL, NULL, NULL, NULL, 'PV SOLAR, LOT 2281, ENCANTERRA', NULL, 'AZ', 'Issued', NULL, NULL, '85140', 'B22-4375', NULL);
INSERT INTO `app_urlresults` VALUES (1337, '2022-12-17 14:37:22.459206', 28, '22319 01 E CALLE DE FLORES ', NULL, ' QUEEN CREEK', '2022-12-09', NULL, NULL, NULL, NULL, 'PV SOLAR, LOT 11, VILLAGES', NULL, 'AZ', 'Out for Corrections', NULL, NULL, '85142', 'B22-4372', NULL);
INSERT INTO `app_urlresults` VALUES (1338, '2022-12-17 14:37:22.558212', 3, '41243 NIPPER RD', NULL, 'FL', '12/16/2022', 'In order to get connected to grid through TECO, need to integrate existing installation of 54 solar panels, (2) 8000 watt inverters, (2) 18.5 KW Lithium Ferro Phosphate batteries, and rapid shut down switch to TECO meter. Obtained set of stamped, engineered drawings. NOTE: each panel has a microinverter mounted underneath it.', NULL, '', NULL, 'Stebbins Solar Project', NULL, 'FL', 'Awaiting Plans', NULL, NULL, '33540', 'RESENERGY-2022-002694', 'STEBBINS CHRISTOPHER M & *');
INSERT INTO `app_urlresults` VALUES (1339, '2022-12-17 14:37:22.754894', 48, '2715 LAKEBREEZE LN S', NULL, 'CLEARWATER', '2022-12-15', NULL, NULL, NULL, NULL, 'Dailor-Grimaldi Solar PV Project -- Plan Amendment(BCP2022-060558)', NULL, 'FL', 'In Review', NULL, NULL, '33759', 'BCP2022-060558A', 'DAILOR, BRENDAN GRIMALDI, ASHLEY');
INSERT INTO `app_urlresults` VALUES (1340, '2022-12-17 14:37:22.757910', 31, '1102 W Southern Ave #3', 'Project Management', 'Tempe', '12/16/2022', NULL, NULL, NULL, NULL, '', NULL, 'AZ', 'Initialized', NULL, NULL, '85282', 'B202217122', NULL);
INSERT INTO `app_urlresults` VALUES (1341, '2022-12-17 14:37:23.038769', 19, '4023 WALNUT CROSSING DR', NULL, 'GROVEPORT', '12/16/2022', 'INSTALLATION OF 12 ROOF MOUNT QCELL 365 PV SOLAR PANELS ON EXISTING RESIDENTIAL HOME', NULL, NULL, NULL, NULL, NULL, 'Columbus', 'Active', NULL, NULL, NULL, 'PLEX2249921', 'EDWARDS JOSHUA');
INSERT INTO `app_urlresults` VALUES (1342, '2022-12-17 14:37:23.050800', 35, '12546 STRAWBERRY PL', NULL, 'CHINO', '12/16/2022', NULL, NULL, NULL, NULL, 'Photovoltaic System', NULL, 'CA', 'Applied', NULL, NULL, '91710', 'B22-3738', 'PADILLA, DAVID');
INSERT INTO `app_urlresults` VALUES (1343, '2022-12-17 14:37:23.219368', 24, '2203 SPRINGRAIN DR', NULL, ' CLEARWATER', '2022-12-15', NULL, NULL, NULL, NULL, NULL, NULL, 'FL', 'In Review', NULL, NULL, '33763', 'BCP2022-120363', NULL);
INSERT INTO `app_urlresults` VALUES (1344, '2022-12-17 14:37:23.276566', 24, '1926 CLEVELAND ST', NULL, ' CLEARWATER', '2022-12-14', NULL, NULL, NULL, NULL, NULL, NULL, 'FL', 'In Review', NULL, NULL, '33765', 'BCP2022-120329', NULL);
INSERT INTO `app_urlresults` VALUES (1345, '2022-12-17 14:37:23.325813', 24, '2972 DREW ST', NULL, ' CLEARWATER', '2022-12-13', NULL, NULL, NULL, NULL, NULL, NULL, 'FL', 'Active', NULL, NULL, '33759', 'BCP2022-120269', NULL);
INSERT INTO `app_urlresults` VALUES (1346, '2022-12-17 14:37:23.427118', 24, '2308 HAWTHORNE DR', NULL, ' CLEARWATER', '2022-12-13', NULL, NULL, NULL, NULL, NULL, NULL, 'FL', 'Additional Info Required', NULL, NULL, '33763', 'BCP2022-120314', NULL);
INSERT INTO `app_urlresults` VALUES (1347, '2022-12-17 14:37:23.622352', 39, '1066 MARYLAND AVE NE', NULL, 'Atlanta', '12/13/2022', 'INSTALLATION OF A 10.58 kW ROOF-MOUNTED SOLAR PANEL AND INTERCONNECTION SYSTEM AND (2) TESLA POWERWALLS.', NULL, NULL, NULL, 'SANDMAN -SOLAR PANELS - XPRS', NULL, 'GA', '', NULL, NULL, '30306', 'PV-202200192', 'TOM SANDMAN *');
INSERT INTO `app_urlresults` VALUES (1348, '2022-12-17 14:37:23.826975', 33, '8660 EVELYN CT', NULL, 'DENVER', '12/13/2022', NULL, NULL, NULL, NULL, NULL, NULL, 'CO', 'Permit Issued', NULL, NULL, '80229', 'BDP22-3669', 'CAMPBELL KRISTI MARIE');
INSERT INTO `app_urlresults` VALUES (1349, '2022-12-17 14:37:23.956414', 16, '5248 RAMBLING RD', 'ELMER JAMES E & ALEX JESSICA *', 'Las Vegas', '12/16/2022', 'Installation of solar panels on existing residential roof. 6.46 kW.', NULL, NULL, NULL, 'Elmer Solar Install', NULL, 'NV', 'In Review', NULL, NULL, '89120', 'BD22-60901', NULL);
INSERT INTO `app_urlresults` VALUES (1350, '2022-12-17 14:37:24.744297', 4, '917 WISHBONE CIR', NULL, 'LEXINGTON', '12/16/2022', NULL, NULL, NULL, NULL, NULL, NULL, 'KY', '', NULL, NULL, '40502', 'BLD-RREM-22-00597', 'DENEHY KEVIN MANNING *');
INSERT INTO `app_urlresults` VALUES (1351, '2022-12-17 14:37:25.089599', 46, '32377 WASHINGTON LOOP RD', NULL, 'PUNTA GORDA', '12/15/2022', 'SERVICE UPGRADE', NULL, NULL, NULL, NULL, NULL, 'FL', 'In Review', NULL, NULL, '33982', '20221261118', 'AFABLE JUAN CARLOS & BETH ANN NEVIUS');
INSERT INTO `app_urlresults` VALUES (1352, '2022-12-17 14:37:25.147299', 44, '775 Fiero Ln Ste. 200', NULL, 'San Luis Obispo', '2022-12-16', NULL, NULL, NULL, NULL, '128R-340HEND', NULL, 'CA', '', NULL, NULL, ' 93401', 'PMT22-08121', 'SUNRUN INSTALLATION SERVICES INC');
INSERT INTO `app_urlresults` VALUES (1353, '2022-12-17 14:37:25.334321', 45, '706 PONDEROSA DR W', NULL, 'LAKELAND', '12/16/2022', '10.0KW PV SOLAR PANEL INSTALLATION ROOF MOUNTED', NULL, NULL, NULL, '', NULL, 'FL', 'Application Received', NULL, NULL, '33810', 'BT-2022-24228', 'BYRTUS ANDREW P III *');
INSERT INTO `app_urlresults` VALUES (1354, '2022-12-17 14:37:26.451457', 35, '7543 SHORTHORN ST', NULL, 'CITY', '12/16/2022', NULL, NULL, NULL, NULL, 'Photovoltaic System', NULL, 'OF', 'Applied', NULL, NULL, '91708', 'B22-3737', 'PRATHAP KANUMURI');
INSERT INTO `app_urlresults` VALUES (1355, '2022-12-17 14:37:26.612496', 31, '525 W Baseline Rd', 'Angela Chirco', 'Mesa', '12/16/2022', NULL, NULL, NULL, NULL, '', NULL, 'AZ', 'Initialized', NULL, NULL, '85210', 'B202217111', NULL);
INSERT INTO `app_urlresults` VALUES (1356, '2022-12-17 14:37:26.675205', 49, '16661 WATERS EDGE DR', NULL, 'WESTON', '2022-12-15', NULL, NULL, NULL, NULL, 'Solar System', NULL, 'FL', 'In Review', NULL, NULL, '33326', 'B23-00555', 'SUERO,LUIS E *');
INSERT INTO `app_urlresults` VALUES (1357, '2022-12-17 14:37:26.782064', 16, '9778 W MERANTO AVE', 'MALHA ESRAA *', 'Las Vegas', '12/16/2022', 'Installation of solar panels on existing residential roof. 4.56 kW.', NULL, NULL, NULL, 'Malha Solar Install', NULL, 'NV', 'In Review', NULL, NULL, '89178', 'BD22-60878', NULL);
INSERT INTO `app_urlresults` VALUES (1358, '2022-12-17 14:37:27.395448', 19, '4743 GLENDON RD', NULL, '', '12/16/2022', 'INSTALLATION OF 23 ROOF MOUNT QCELL 365 PV SOLAR PANELS ON EXISTING RESIDENTIAL HOME', NULL, NULL, NULL, NULL, NULL, 'Columbus', 'Active', NULL, NULL, NULL, 'PLEX2249920', 'CHAPMAN DECARLOS');
INSERT INTO `app_urlresults` VALUES (1359, '2022-12-17 14:37:28.026026', 47, '16604 NORWOOD DR', NULL, 'TAMPA', '2022-12-16', NULL, NULL, NULL, NULL, '', NULL, 'FL', 'Issued', NULL, NULL, '33624', 'HC-BTR-22-0139025', 'KERRY L HUMPHREYS *');
INSERT INTO `app_urlresults` VALUES (1360, '2022-12-17 14:37:28.197605', 41, '8885 Tanglewood Pl Apt 836', NULL, 'Tampa', '2022-12-15', NULL, NULL, NULL, NULL, '8518 N Temple Ave (ACA)', NULL, 'FL', 'Issued', NULL, NULL, '33617', 'BTR-23-0561838', 'Sauvelmy And Sainte Therese Boss *');
INSERT INTO `app_urlresults` VALUES (1361, '2022-12-17 14:37:28.374266', 33, '1800 W 74TH WAY', NULL, 'DENVER', '12/13/2022', NULL, NULL, NULL, NULL, NULL, NULL, 'CO', 'Permit Issued', NULL, NULL, '80221', 'BDP22-3662', 'SERNA LISA');
INSERT INTO `app_urlresults` VALUES (1362, '2022-12-17 14:37:28.918842', 44, '775 Fiero Ln Ste. 200', NULL, 'San Luis Obispo', '2022-12-16', NULL, NULL, NULL, NULL, '128R-103TILL', NULL, 'CA', '', NULL, NULL, ' 93401', 'PMT22-08119', 'SUNRUN INSTALLATION SERVICES INC');
INSERT INTO `app_urlresults` VALUES (1363, '2022-12-17 14:37:29.004547', 4, '1329 CANONERO DR', NULL, 'LEXINGTON', '12/16/2022', NULL, NULL, NULL, NULL, NULL, NULL, 'KY', 'Pay Fees Due', NULL, NULL, '40517', 'BLD-RREM-22-00598', 'AMEDEDJISSO KOKOU *');
INSERT INTO `app_urlresults` VALUES (1364, '2022-12-17 14:37:29.692966', 16, '10389 EARLY MORNING AVE', 'WENNER LARA TRUST & WENNER LARA TRS *', 'Las Vegas', '12/16/2022', 'Installation of solar panels on existing residential roof. 6.46 kW.', NULL, NULL, NULL, 'Wenner Solar Install', NULL, 'NV', 'In Review', NULL, NULL, '89135', 'BD22-60862', NULL);
INSERT INTO `app_urlresults` VALUES (1365, '2022-12-17 14:37:29.919545', 45, '4787 HICKORY STREAM LN', NULL, 'MULBERRY', '12/16/2022', 'INSTALLING A 14.43KW SOLAR SYSTEM WITH 39 PANELS', NULL, NULL, NULL, '', NULL, 'FL', 'Application Received', NULL, NULL, '33860', 'BT-2022-24224', 'ROBERTS OWENS *');
INSERT INTO `app_urlresults` VALUES (1366, '2022-12-17 14:37:30.529022', 31, '43445 Business Park Dr', 'Hailey McGaw', 'Temecula', '12/16/2022', NULL, NULL, NULL, NULL, '', NULL, 'CA', 'Initialized', NULL, NULL, '92590', 'B202217110', NULL);
INSERT INTO `app_urlresults` VALUES (1367, '2022-12-17 14:37:30.798465', 19, '1289 CHESTERTON LANE', NULL, '', '12/16/2022', 'INSTALL ROUGH PLUMBING FOR A FUTURE HALF BATH IN BASEMENT', NULL, NULL, NULL, NULL, NULL, 'Columbus', 'Submitted', NULL, NULL, NULL, 'PLEX2249908', 'GAUD LUZ C');
INSERT INTO `app_urlresults` VALUES (1368, '2022-12-17 14:37:30.900766', 35, '980 MONTECITO DR STE 302', NULL, 'CORONA', '12/16/2022', NULL, NULL, NULL, NULL, 'Photovoltaic System', NULL, 'CA', 'Applied', NULL, NULL, '92879', 'B22-3735', 'LENNAR HOMES OF CALIFORNIA INC');
INSERT INTO `app_urlresults` VALUES (1369, '2022-12-17 14:37:31.067311', 39, '3720 MILFORD PL SW', NULL, 'Atlanta', '12/08/2022', 'INSTALLATION OF A 9.02 kW UTILITY PHOTOVOLTAIC SOLAR SYSTEM AND ANY ADDITIONAL WORK REQUIRED FOR INSTALLATION. ZONED: PD-H - CASCADE GREEN.', NULL, NULL, NULL, 'DUGGINS - SOLAR PANELS - XPRS', NULL, 'GA', '', NULL, NULL, '30331', 'PV-202200191', 'JIMMY DUGGINS *');
INSERT INTO `app_urlresults` VALUES (1370, '2022-12-17 14:37:31.086359', 3, '1045 BELLAMARE TRAIL', NULL, '108', '12/16/2022', 'PV roof mounted 10.44kW solar system', NULL, '', NULL, 'Tedd Dunn - Solar Project', NULL, 'FL', 'Plans Received', NULL, NULL, 'APT', 'RESENERGY-2022-002693', 'DUNN EDWIN & BETH L *');
INSERT INTO `app_urlresults` VALUES (1371, '2022-12-17 14:37:32.072469', 40, '168 VICTORIA OAKS BLVD', NULL, 'DELAND', '12/15/2022', 'To install a 11.44kw pv array roof mounted solar system with 26 panels. We will also install a new 150A main disconnect located in the existing sub panel', NULL, NULL, NULL, 'Marcus Hendley', NULL, 'FL', 'In Review', NULL, NULL, '32724', 'BD22-4177', 'LOGIE SARAH CATHERINE *');
INSERT INTO `app_urlresults` VALUES (1372, '2022-12-17 14:37:32.546432', 33, '12285 MONACO DR', NULL, 'BRIGHTON', '12/13/2022', NULL, NULL, NULL, NULL, NULL, NULL, 'CO', 'Permit Issued', NULL, NULL, '80602', 'BDP22-3660', 'MARQUEZ TARANGO CESAR');
INSERT INTO `app_urlresults` VALUES (1373, '2022-12-17 14:37:32.671358', 46, '2078 LUCKY ST', NULL, 'PORT CHARLOTTE', '12/15/2022', 'Installation of a 7.4 kW photovoltaic solar system with 20 roof mounted panels', NULL, NULL, NULL, NULL, NULL, 'FL', 'In Review', NULL, NULL, '33948', '20221261101', 'BABA ROSE YVELINE TRUSTEE');
INSERT INTO `app_urlresults` VALUES (1374, '2022-12-17 14:37:32.994985', 44, '775 Fiero Ln Ste. 200', NULL, 'San Luis Obispo', '2022-12-16', NULL, NULL, NULL, NULL, '128R-629TORR', NULL, 'CA', '', NULL, NULL, ' 93401', 'PMT22-08113', 'SUNRUN INSTALLATION SERVICES INC');
INSERT INTO `app_urlresults` VALUES (1375, '2022-12-17 14:37:33.121384', 16, '46 BROOKMEADOW LN', 'CHUANG SAMUEL & KELLY *', 'Las Vegas', '12/15/2022', '16.2KW PV ROOF INSTALL', NULL, NULL, NULL, '661R-227CHUA', NULL, 'NV', 'In Review', NULL, NULL, '01560', 'BD22-60830', NULL);
INSERT INTO `app_urlresults` VALUES (1376, '2022-12-17 14:37:33.501548', 49, '1629 BLUE JAY CIR', NULL, 'WESTON', '2022-12-15', NULL, NULL, NULL, NULL, 'Solar System', NULL, 'FL', 'In Review', NULL, NULL, '33327', 'B23-00548', 'ARQUES,CARLA ELIZABETH CARVACHO PAVEZ,RICARDO EDUARDO DAMM *');
INSERT INTO `app_urlresults` VALUES (1377, '2022-12-17 14:37:33.573263', 4, '1311 STRAWBERRY LN', NULL, 'LEXINGTON', '12/16/2022', NULL, NULL, NULL, NULL, NULL, NULL, 'KY', '', NULL, NULL, '40502', 'BLD-CHG-22-04186', 'NICHOLS CHARLES G *');
INSERT INTO `app_urlresults` VALUES (1378, '2022-12-17 14:37:34.329598', 35, '14597 BLACKBURN CT', NULL, 'CHINO', '12/16/2022', NULL, NULL, NULL, NULL, 'Photovoltaic System', NULL, 'CA', 'Applied', NULL, NULL, '91710', 'B22-3732', 'HUANG, EVIE LEIJU');
INSERT INTO `app_urlresults` VALUES (1379, '2022-12-17 14:37:34.740846', 19, '2171 WILLIAMONT AVE', NULL, '', '12/15/2022', 'PV SOLAR ROOF MOUNT INSTALLATION, 5.11KW, 2 CIRCUITS', NULL, NULL, NULL, NULL, NULL, 'Columbus', 'Under Review', NULL, NULL, NULL, 'PLEX2249653', 'MAYNARD ADAM R');
INSERT INTO `app_urlresults` VALUES (1380, '2022-12-17 14:37:34.881359', 31, '43445 Business Park Dr', 'Hailey McGaw', 'Temecula', '12/16/2022', NULL, NULL, NULL, NULL, '', NULL, 'CA', 'Initialized', NULL, NULL, '92590', 'B202217109', NULL);
INSERT INTO `app_urlresults` VALUES (1381, '2022-12-17 14:37:35.157209', 45, '1200 WINSTON WAY', NULL, 'POINCIANA', '12/16/2022', 'pv solar roof installation', NULL, NULL, NULL, '', NULL, 'FL', 'Application Received', NULL, NULL, '34759', 'BT-2022-24220', 'TROCONIS CARLOS ROMERO *');
INSERT INTO `app_urlresults` VALUES (1382, '2022-12-17 14:37:35.205874', 25, '34 TUMBLEWEED Rd', NULL, 'SANDIAPARK', '2022-12-16', 'Ground mounted solar, 9.72kW', NULL, NULL, NULL, 'Solar', NULL, 'NM', 'Pending', NULL, NULL, '87047', 'BRSP2022-0607', NULL);
INSERT INTO `app_urlresults` VALUES (1383, '2022-12-17 14:37:35.275111', 25, '9910 COLUMBUS Cir NW', NULL, 'ALBUQUERQUE', '2022-12-16', 'Roof-mounted solar, 9.6kW', NULL, NULL, NULL, 'Solar', NULL, 'NM', 'In Review', NULL, NULL, '87114', 'BRSP2022-0606', NULL);
INSERT INTO `app_urlresults` VALUES (1384, '2022-12-17 14:37:35.339762', 25, '2 KINGS Rd', NULL, 'SANDIAPARK', '2022-12-15', 'Roof mounted solar, 8.8kW.', NULL, NULL, NULL, 'Solar', NULL, 'NM', 'In Review', NULL, NULL, '87047', 'BRSP2022-0605', NULL);
INSERT INTO `app_urlresults` VALUES (1385, '2022-12-17 14:37:35.408968', 25, '9104 Lynx Loop NE', NULL, 'Albuquerque', '2022-12-15', 'Roof mounted solar, 8.4kW.', NULL, NULL, NULL, 'Solar', NULL, 'NM', 'In Review', NULL, NULL, '87122', 'BRSP2022-0604', NULL);
INSERT INTO `app_urlresults` VALUES (1386, '2022-12-17 14:37:35.497741', 25, '823 Emmason Dr SW', NULL, 'Albuquerque', '2022-12-15', 'Roof-Mounted Solar, 2.28kW', NULL, NULL, NULL, 'Solar', NULL, 'NM', 'In Review', NULL, NULL, '87105', 'BRSP2022-0603', NULL);
INSERT INTO `app_urlresults` VALUES (1387, '2022-12-17 14:37:35.573001', 25, '2276 Don Felipe Rd SW', NULL, 'Albuquerque', '2022-12-14', 'Roof-Mounted Solar, 5kW', NULL, NULL, NULL, 'Solar', NULL, 'NM', 'In Review', NULL, NULL, '87105', 'BRSP2022-0602', NULL);
INSERT INTO `app_urlresults` VALUES (1388, '2022-12-17 14:37:35.642180', 25, '1614 Vinnie Rd SW', NULL, 'Albuquerque', '2022-12-14', 'Roof-Mounted Solar, 4.95kW', NULL, NULL, NULL, 'Solar', NULL, 'NM', 'Ready to Issue', NULL, NULL, '87105', 'BRSP2022-0601', NULL);
INSERT INTO `app_urlresults` VALUES (1389, '2022-12-17 14:37:35.713884', 25, '929 Stuart Rd NW', NULL, 'Albuquerque', '2022-12-14', 'Roof-Mounted Solar, 11.70kW', NULL, NULL, NULL, 'Solar', NULL, 'NM', 'Ready to Issue', NULL, NULL, '87114', 'BRSP2022-0600', NULL);
INSERT INTO `app_urlresults` VALUES (1390, '2022-12-17 14:37:35.784656', 25, '11 Merlin Ln', NULL, 'SandiaPark', '2022-12-13', 'Roof Mounted Solar, 6.66kW', NULL, NULL, NULL, 'Solar', NULL, 'NM', 'Ready to Issue', NULL, NULL, '87047', 'BRSP2022-0599', NULL);
INSERT INTO `app_urlresults` VALUES (1391, '2022-12-17 14:37:35.893539', 25, '3130 CYPRESS Dr SW', NULL, 'ALBUQUERQUE', '2022-12-13', 'Roof mounted solar, 6.660kW', NULL, NULL, NULL, 'Solar', NULL, 'NM', 'Ready to Issue', NULL, NULL, '87105', 'BRSP2022-0598', NULL);
INSERT INTO `app_urlresults` VALUES (1392, '2022-12-17 14:37:36.421611', 16, '8840 W WASHBURN RD', 'COX JOHN L & JANNETTE K COX LIVING TRUST & COX JOHN L & JANNETTE K TRS *', 'Las Vegas', '12/15/2022', '5.180KW PV ROOF ADD-ON', NULL, NULL, NULL, '661R-840COX6', NULL, 'NV', 'In Review', NULL, NULL, '89149', 'BD22-60826', NULL);
INSERT INTO `app_urlresults` VALUES (1393, '2022-12-17 14:37:36.454214', 33, 'DEL REFUGIO LOPEZ DE ESQUEDA MARIA', NULL, 'COMMERCE', '12/13/2022', NULL, NULL, NULL, NULL, NULL, NULL, 'CITY', 'Permit Issued', NULL, NULL, '80022', 'BDP22-3658', 'ESQUEDA ELIAS AND');
INSERT INTO `app_urlresults` VALUES (1394, '2022-12-17 14:37:36.879626', 47, '1530 FORT DUQUESNA DR', NULL, 'SUN CITY CENTER', '2022-12-16', NULL, NULL, NULL, NULL, '', NULL, 'FL', 'Issued', NULL, NULL, '33573', 'HC-BTR-22-0139059', 'MERVIN G SLETTEN AND VENUS A ALDERMAN *');
INSERT INTO `app_urlresults` VALUES (1395, '2022-12-17 14:37:37.027316', 27, '14727 S CAMINO TIERRA DEL RIO', NULL, 'SAHUARITA', '12/15/2022', NULL, NULL, NULL, NULL, 'Wilson/ Solar', NULL, 'AZ', 'In Review', NULL, NULL, '85629', 'SAH-22-01788', NULL);
INSERT INTO `app_urlresults` VALUES (1396, '2022-12-17 14:37:37.055932', 46, '149 MEDALIST RD', NULL, 'ROTONDA WEST', '12/15/2022', 'Roof Mounted Solar PV', NULL, NULL, NULL, NULL, NULL, 'FL', 'In Review', NULL, NULL, '33947', '20221260933', 'GIBBONS JEFFREY & JANE');
INSERT INTO `app_urlresults` VALUES (1397, '2022-12-17 14:37:37.101075', 27, '894 W CALLE ZOCA', NULL, 'SAHUARITA', '12/15/2022', NULL, NULL, NULL, NULL, 'Earnhart/ Solar', NULL, 'AZ', 'Incomplete', NULL, NULL, '85629', 'SAH-22-01787', NULL);
INSERT INTO `app_urlresults` VALUES (1398, '2022-12-17 14:37:37.182324', 27, '1152 W CAMINO HOMBRE VIEJO', NULL, 'SAHUARITA', '12/15/2022', NULL, NULL, NULL, NULL, 'Durham/ Solar', NULL, 'AZ', 'In Review', NULL, NULL, '85629', 'SAH-22-01786', NULL);
INSERT INTO `app_urlresults` VALUES (1399, '2022-12-17 14:37:37.275662', 27, '446 W CALLE CAJETA', NULL, 'SAHUARITA', '12/15/2022', NULL, NULL, NULL, NULL, 'Harris/ Solar', NULL, 'AZ', 'In Review', NULL, NULL, '85629', 'SAH-22-01783', NULL);
INSERT INTO `app_urlresults` VALUES (1400, '2022-12-17 14:37:37.354913', 27, '2505 E PAGE MILL DR', NULL, 'GREENVALLEY', '12/14/2022', NULL, NULL, NULL, NULL, 'HUTCHINSON / SOLAR', NULL, 'AZ', 'Incomplete Submittal', NULL, NULL, '85614', 'SAH-22-01779', NULL);
INSERT INTO `app_urlresults` VALUES (1401, '2022-12-17 14:37:37.422164', 27, '159 E CALLE VIVAZ', NULL, 'GREENVALLEY', '12/14/2022', NULL, NULL, NULL, NULL, 'Leonardi/ Solar', NULL, 'AZ', 'In Review', NULL, NULL, '85614', 'SAH-22-01778', NULL);
INSERT INTO `app_urlresults` VALUES (1402, '2022-12-17 14:37:37.490340', 27, '1330 E QUARTZITE WY', NULL, 'GREENVALLEY', '12/12/2022', NULL, NULL, NULL, NULL, 'Rick/ Solar', NULL, 'AZ', 'Incomplete Submittal', NULL, NULL, '85614', 'SAH-22-01772', NULL);
INSERT INTO `app_urlresults` VALUES (1403, '2022-12-17 14:37:37.549512', 27, '14764 S PASEO PUENTE A LAS ESTRELLAS', NULL, 'SAHUARITA', '12/12/2022', NULL, NULL, NULL, NULL, 'Jamboretz/ Solar', NULL, 'AZ', 'In Review', NULL, NULL, '85629', 'SAH-22-01771', NULL);
INSERT INTO `app_urlresults` VALUES (1404, '2022-12-17 14:37:37.604637', 27, '13939 S CAMINO LOS PICOS', NULL, 'SAHUARITA', '12/12/2022', NULL, NULL, NULL, NULL, 'Jarvis/ Solar', NULL, 'AZ', 'In Review', NULL, NULL, '85629', 'SAH-22-01770', NULL);
INSERT INTO `app_urlresults` VALUES (1405, '2022-12-17 14:37:37.669843', 27, '575 N HALE DR', NULL, 'GREENVALLEY', '12/08/2022', NULL, NULL, NULL, NULL, 'Kosloske/ Solar', NULL, 'AZ', 'In Review', NULL, NULL, '85614', 'SAH-22-01764', NULL);
INSERT INTO `app_urlresults` VALUES (1406, '2022-12-17 14:37:37.802760', 41, '8508 N Dixon Ave', NULL, 'Tampa', '2022-12-15', NULL, NULL, NULL, NULL, '8508 N Dixon Ave (ACA)', NULL, 'FL', 'Issued', NULL, NULL, '33604', 'BTR-23-0561860', 'Jerry Lee Gant *');
INSERT INTO `app_urlresults` VALUES (1407, '2022-12-17 14:37:37.911087', 4, '3440 TATES CREEK LN', NULL, 'LEXINGTON', '12/16/2022', NULL, NULL, NULL, NULL, NULL, NULL, 'KY', '', NULL, NULL, '40517', 'BLD-CHG-22-04187', 'MORROW SANDRA LYNN *');
INSERT INTO `app_urlresults` VALUES (1408, '2022-12-17 14:37:38.041006', 43, '130 STARBURST CIR', NULL, 'SPARKS', '12/15/2022', '4.86 kW PV Solar Panel Installation on Roof', NULL, NULL, NULL, 'SOLAR - BARKER', NULL, 'NV', 'Pending', NULL, NULL, '89441', 'WBLD22-105584', 'BARKER, DEBRA J *');
INSERT INTO `app_urlresults` VALUES (1409, '2022-12-17 14:37:38.155397', 39, '303 LISA CT SW', NULL, 'Atlanta', '12/06/2022', '4.38 kW ROOF-MOUNTED SOLAR PANEL INSTALLATION AND SOLAR WIRING.', NULL, NULL, NULL, 'DREW - SOLAR PANELS - XPRS', NULL, 'GA', 'Issued', NULL, NULL, '30311', 'PV-202200190', 'KAREN DREW *');
INSERT INTO `app_urlresults` VALUES (1410, '2022-12-17 14:37:39.679448', 16, '8451 MONDAVI HILL CT', 'SEE KA MAN *', 'Las Vegas', '12/15/2022', '11.2KW (DC) ROOFTOP SOLAR PANEL INSTALLATION WITH LOAD SIDE CONNECTION', NULL, NULL, NULL, 'Kaman See NV--6-22-OP-111193', NULL, 'NV', 'In Review', NULL, NULL, '89139', 'BD22-60789', NULL);
INSERT INTO `app_urlresults` VALUES (1411, '2022-12-17 14:37:39.824886', 31, '43445 Business Park Dr', 'Hailey McGaw', 'Temecula', '12/16/2022', NULL, NULL, NULL, NULL, '', NULL, 'CA', 'Initialized', NULL, NULL, '92590', 'B202217108', NULL);
INSERT INTO `app_urlresults` VALUES (1412, '2022-12-17 14:37:40.219393', 3, '14 SEBASTIAN CT', NULL, 'JUNCTION 12533-6704', '12/16/2022', 'Installation of 35 solar panels on existing roof', NULL, '', NULL, '802R-434VITH', NULL, 'FL', 'Plan Review In Process', NULL, NULL, '12533', 'RESENERGY-2022-002692', 'GIANNAKOPOULOS THEODOROS ET AL *');
INSERT INTO `app_urlresults` VALUES (1413, '2022-12-17 14:37:40.227921', 35, '12608 WELLS PL', NULL, 'CHINO', '12/15/2022', NULL, NULL, NULL, NULL, 'Photovoltaic System', NULL, 'CA', 'Applied', NULL, NULL, '91710', 'B22-3733', 'FABELA, JESUS');
INSERT INTO `app_urlresults` VALUES (1414, '2022-12-17 14:37:41.611306', 46, '2508 LINTON LN', NULL, 'PORT CHARLOTTE', '12/15/2022', 'PV ROOF MOUNTED SOLAR SYSTEM INSTALLATION', NULL, NULL, NULL, NULL, NULL, 'FL', 'In Review', NULL, NULL, '33952', '20221260826', 'HAYNES NYISHA');
INSERT INTO `app_urlresults` VALUES (1415, '2022-12-17 14:37:42.434015', 16, '9769 GLISTENING BROOK CT', 'JACOBS JONATHAN *', 'Las Vegas', '12/15/2022', '22.4 Solar Panel Installation Derate;Sub Panel (Intercept)', NULL, NULL, NULL, 'Jonathan Jacobs', NULL, 'NV', 'In Review', NULL, NULL, '89149', 'BD22-60640', NULL);
INSERT INTO `app_urlresults` VALUES (1416, '2022-12-17 14:37:43.234534', 26, '2365 N DEVLIN AVE', NULL, 'MERIDIAN', '12/16/2022', NULL, NULL, NULL, NULL, 'Dave Sutton Rooftop Solar', NULL, 'ID', 'In Progress', NULL, NULL, '83646', 'R-SOLAR-2022-0499', NULL);
INSERT INTO `app_urlresults` VALUES (1417, '2022-12-17 14:37:43.371008', 26, '3148 W KENDRICK ST', NULL, 'MERIDIAN', '12/16/2022', NULL, NULL, NULL, NULL, 'Kerry Cottrell', NULL, 'ID', 'In Progress', NULL, NULL, '83646', 'R-SOLAR-2022-0498', NULL);
INSERT INTO `app_urlresults` VALUES (1418, '2022-12-17 14:37:43.425641', 26, '391 E BURNEY GLEN DR', NULL, 'MERIDIAN', '12/14/2022', NULL, NULL, NULL, NULL, 'Jeremey Cureton PV', NULL, 'ID', 'In Progress', NULL, NULL, '83646', 'R-SOLAR-2022-0497', NULL);
INSERT INTO `app_urlresults` VALUES (1419, '2022-12-17 14:37:43.479781', 26, '995 N PARKDALE AVE', NULL, 'MERIDIAN', '12/14/2022', NULL, NULL, NULL, NULL, 'James Mace', NULL, 'ID', 'In Progress', NULL, NULL, '83642', 'R-SOLAR-2022-0496', NULL);
INSERT INTO `app_urlresults` VALUES (1420, '2022-12-17 14:37:43.538007', 26, '1204 W DELMAR DR', NULL, 'MERIDIAN', '12/14/2022', NULL, NULL, NULL, NULL, 'Porticade Construction LLC - Chrys Hopkins', NULL, 'ID', 'In Progress', NULL, NULL, '83646', 'R-SOLAR-2022-0495', NULL);
INSERT INTO `app_urlresults` VALUES (1421, '2022-12-17 14:37:43.586140', 35, '13533 BARKLEY PL', NULL, 'CHINO', '12/15/2022', NULL, NULL, NULL, NULL, 'Photovoltaic System', NULL, 'CA', 'Applied', NULL, NULL, '91710', 'B22-3730', 'CHIEH-LUN KAO');
INSERT INTO `app_urlresults` VALUES (1422, '2022-12-17 14:37:43.600675', 26, '2827 W TENUTA ST', NULL, 'MERIDIAN', '12/13/2022', NULL, NULL, NULL, NULL, 'Mark Piche', NULL, 'ID', 'In Progress', NULL, NULL, '83646', 'R-SOLAR-2022-0494', NULL);
INSERT INTO `app_urlresults` VALUES (1423, '2022-12-17 14:37:43.636285', 31, '43445 Business Park Dr', 'Hailey McGaw', 'Temecula', '12/16/2022', NULL, NULL, NULL, NULL, '', NULL, 'CA', 'Initialized', NULL, NULL, '92590', 'B202217105', NULL);
INSERT INTO `app_urlresults` VALUES (1424, '2022-12-17 14:37:43.660339', 26, '2105 N MORELLO PL', NULL, 'MERIDIAN', '12/13/2022', NULL, NULL, NULL, NULL, 'Wyatt Hewlett', NULL, 'ID', 'In Progress', NULL, NULL, '83646', 'R-SOLAR-2022-0493', NULL);
INSERT INTO `app_urlresults` VALUES (1425, '2022-12-17 14:37:43.718974', 26, '4389 E SPORTIVO DR', NULL, 'MERIDIAN', '12/12/2022', NULL, NULL, NULL, NULL, 'Lumio HX / Jesse Victors', NULL, 'ID', 'In Progress', NULL, NULL, '83642', 'R-SOLAR-2022-0492', NULL);
INSERT INTO `app_urlresults` VALUES (1426, '2022-12-17 14:37:43.774256', 26, '733 E GANNETT DR', NULL, 'MERIDIAN', '12/12/2022', NULL, NULL, NULL, NULL, 'Lumio HX / Darla Dobbins', NULL, 'ID', 'In Progress', NULL, NULL, '83642', 'R-SOLAR-2022-0491', NULL);
INSERT INTO `app_urlresults` VALUES (1427, '2022-12-17 14:37:43.827854', 26, '1037 W ANTON DR', NULL, 'MERIDIAN', '12/09/2022', NULL, NULL, NULL, NULL, 'Benjamin Munoz - PV', NULL, 'ID', 'In Progress', NULL, NULL, '83646', 'R-SOLAR-2022-0490', NULL);
INSERT INTO `app_urlresults` VALUES (1428, '2022-12-17 14:37:44.313213', 39, '1215 WOODS CIR NE', NULL, 'Atlanta', '12/06/2022', 'INSTALL A 19 Kw ROOF-MOUNTED SOLAR PANEL SYSTEM AND SOLAR WIRING.', NULL, NULL, NULL, 'THOMAS - SOLAR PANELS - XPRS', NULL, 'GA', 'Issued', NULL, NULL, '30324', 'PV-202200189', 'LEVAR THOMAS *');
INSERT INTO `app_urlresults` VALUES (1429, '2022-12-17 14:37:45.632149', 43, '1670 BILLOW DR', NULL, 'SPARKS', '12/13/2022', 'INSTALLATION OF A 7.03 KW ROOF MOUNTED PV SOLAR ARRAY / 19 MODULES / 370W PANEL SIZE / NO MPU REQUIRED', NULL, NULL, NULL, 'SOLAR - SUSHA', NULL, 'NV', 'Pending', NULL, NULL, '89441', 'WBLD22-105563', 'SUSHA, JAMES M *');
INSERT INTO `app_urlresults` VALUES (1430, '2022-12-17 14:37:46.845935', 47, '6316 BRIDGEVISTA DR', NULL, 'LITHIA', '2022-12-16', NULL, NULL, NULL, NULL, '', NULL, 'FL', 'Issued', NULL, NULL, '33547', 'HC-BTR-22-0139058', 'JONATHAN J AND SUZANNE M MADIGAN *');
INSERT INTO `app_urlresults` VALUES (1431, '2022-12-17 14:37:47.496125', 41, '8722 N Hyaleah Rd', NULL, 'Tampa', '2022-12-15', NULL, NULL, NULL, NULL, '8722 N Hyaleah Rd (ACA)', NULL, 'FL', 'Issued', NULL, NULL, '33617', 'BTR-23-0561859', 'Omar S Gamboa *');
INSERT INTO `app_urlresults` VALUES (1432, '2022-12-17 14:37:47.783005', 40, '913 MARLBORO DR', NULL, 'DELAND', '12/15/2022', 'ROOF MOUNTED SOLAR PV SYSTEM PRIVATE PROVIDER PLAN REVIEW & INSPECTIONS', NULL, NULL, NULL, 'KEENE SOLAR PV-PRIVATE PROVIDER', NULL, 'FL', 'In Review', NULL, NULL, '32724', 'BD22-4178', 'KEENE BRIAN C *');
INSERT INTO `app_urlresults` VALUES (1433, '2022-12-17 14:37:48.150585', 31, '525 W Baseline Rd', 'Angela Chirco', 'Mesa', '12/16/2022', NULL, NULL, NULL, NULL, '', NULL, 'AZ', 'Initialized', NULL, NULL, '85210', 'B202217104', NULL);
INSERT INTO `app_urlresults` VALUES (1434, '2022-12-17 14:37:48.322579', 17, '46140 PINE MEADOW DR', NULL, 'KINGCITY', '12/16/2022', NULL, NULL, NULL, NULL, NULL, NULL, 'CA', 'Applied', NULL, NULL, '93930', '22CP03814', NULL);
INSERT INTO `app_urlresults` VALUES (1435, '2022-12-17 14:37:48.366189', 17, '20335 FRANCISCAN WAY', NULL, 'SALINAS', '12/16/2022', NULL, NULL, NULL, NULL, NULL, NULL, 'CA', 'Submitted via ACA', NULL, NULL, '93908', '22CP03816', NULL);
INSERT INTO `app_urlresults` VALUES (1436, '2022-12-17 14:37:48.411831', 17, '16050 AVERY LN', NULL, 'SALINAS', '12/16/2022', NULL, NULL, NULL, NULL, NULL, NULL, 'CA', 'Submitted via ACA', NULL, NULL, '93907', '22CP03818', NULL);
INSERT INTO `app_urlresults` VALUES (1437, '2022-12-17 14:37:48.456456', 17, '88 ARBOLEDA LN', NULL, 'CARMELVALLEY', '12/15/2022', NULL, NULL, NULL, NULL, NULL, NULL, 'CA', 'Submitted via ACA', NULL, NULL, '93924', '22CP03790', NULL);
INSERT INTO `app_urlresults` VALUES (1438, '2022-12-17 14:37:48.502562', 17, '25640 CREEKVIEW CIR', NULL, 'SALINAS', '12/15/2022', NULL, NULL, NULL, NULL, NULL, NULL, 'CA', 'Submitted via ACA', NULL, NULL, '93908', '22CP03801', NULL);
INSERT INTO `app_urlresults` VALUES (1439, '2022-12-17 14:37:48.548719', 17, '485 STRAWBERRY RD', NULL, 'ROYALOAKS', '12/15/2022', NULL, NULL, NULL, NULL, NULL, NULL, 'CA', 'Submitted via ACA', NULL, NULL, '95076', '22CP03805', NULL);
INSERT INTO `app_urlresults` VALUES (1440, '2022-12-17 14:37:48.607455', 17, '17402 AVENIDA LOS ALTOS', NULL, 'SALINAS', '12/13/2022', NULL, NULL, NULL, NULL, NULL, NULL, 'CA', 'Applied', NULL, NULL, '93907', '22CP03758', NULL);
INSERT INTO `app_urlresults` VALUES (1441, '2022-12-17 14:37:48.669228', 17, '80 CORRAL DE TIERRA', NULL, 'SALINAS', '12/13/2022', NULL, NULL, NULL, NULL, NULL, NULL, 'CA', 'Applied', NULL, NULL, '93908', '22CP03765', NULL);
INSERT INTO `app_urlresults` VALUES (1442, '2022-12-17 14:37:48.702305', 3, '31438 WRENCREST DR', NULL, 'CHAPEL 33543-2800', '12/16/2022', 'Installation of roof mounted solar system', NULL, '', NULL, 'Julie Abbott', NULL, 'FL', 'Plan Review In Process', NULL, NULL, '33543', 'RESENERGY-2022-002691', 'ABBOTT JULIE *');
INSERT INTO `app_urlresults` VALUES (1443, '2022-12-17 14:37:48.721911', 17, '12800 CORTE CORDILLERA', NULL, 'SALINAS', '12/12/2022', NULL, NULL, NULL, NULL, NULL, NULL, 'CA', 'Applied', NULL, NULL, '93908', '22CP03754', NULL);
INSERT INTO `app_urlresults` VALUES (1444, '2022-12-17 14:37:48.774050', 17, '331 S SANBORN RD', NULL, 'SALINAS(CITY)', '12/09/2022', NULL, NULL, NULL, NULL, NULL, NULL, 'CA', 'Applied', NULL, NULL, '93901', '22CP03740', NULL);
INSERT INTO `app_urlresults` VALUES (1445, '2022-12-17 14:37:48.815633', 17, '610 MIDDLEFIELD RD', NULL, 'SALINAS', '12/09/2022', NULL, NULL, NULL, NULL, NULL, NULL, 'CA', 'Incomplete', NULL, NULL, '93906', '22CP03741', NULL);
INSERT INTO `app_urlresults` VALUES (1446, '2022-12-17 14:37:48.866266', 17, '1155 EAGLE HILL RD', NULL, 'ROYALOAKS', '12/08/2022', NULL, NULL, NULL, NULL, NULL, NULL, 'CA', 'Submitted via ACA', NULL, NULL, '95076', '22CP03715', NULL);
INSERT INTO `app_urlresults` VALUES (1447, '2022-12-17 14:37:48.919424', 17, '10780 SEYMOUR ST', NULL, 'CASTROVILLE', '12/08/2022', NULL, NULL, NULL, NULL, NULL, NULL, 'CA', 'Submitted via ACA', NULL, NULL, '95012', '22CP03716', NULL);
INSERT INTO `app_urlresults` VALUES (1448, '2022-12-17 14:37:48.961023', 46, '1353 LONGSON ST', NULL, 'PORT CHARLOTTE', '12/14/2022', 'reconnect solar panel wiring after roof repair from Hurricane IAN', NULL, NULL, NULL, NULL, NULL, 'FL', 'Awaiting Plans', NULL, NULL, '33953', '20221260500', 'POLIS JOHN J & STEPHANIE RANEE');
INSERT INTO `app_urlresults` VALUES (1449, '2022-12-17 14:37:48.970543', 17, '18779 REA AVE', NULL, 'AROMAS', '12/08/2022', NULL, NULL, NULL, NULL, NULL, NULL, 'CA', 'Submitted via ACA', NULL, NULL, '95004', '22CP03721', NULL);
INSERT INTO `app_urlresults` VALUES (1450, '2022-12-17 14:37:49.016673', 17, '35 POPPY LN', NULL, '', '12/08/2022', NULL, NULL, NULL, NULL, NULL, NULL, 'CA', 'Issued', NULL, NULL, 'B', '22CP03723', NULL);
INSERT INTO `app_urlresults` VALUES (1451, '2022-12-17 14:37:49.058788', 17, '6523 FRANKIE LN', NULL, 'SALINAS', '12/07/2022', NULL, NULL, NULL, NULL, NULL, NULL, 'CA', 'Incomplete', NULL, NULL, '93907', '22CP03695', NULL);
INSERT INTO `app_urlresults` VALUES (1452, '2022-12-17 14:37:49.102417', 17, '129 LIVE OAK RD', NULL, 'ROYALOAKS', '12/07/2022', NULL, NULL, NULL, NULL, NULL, NULL, 'CA', 'Applied', NULL, NULL, '95076', '22CP03696', NULL);
INSERT INTO `app_urlresults` VALUES (1453, '2022-12-17 14:37:49.147544', 17, '14892 BLUE OAK PL', NULL, 'SALINAS', '12/07/2022', NULL, NULL, NULL, NULL, NULL, NULL, 'CA', 'Submitted via ACA', NULL, NULL, '93907', '22CP03697', NULL);
INSERT INTO `app_urlresults` VALUES (1454, '2022-12-17 14:37:49.193671', 17, '26100 HAWKS FLIGHT RD', NULL, 'SALINAS', '12/07/2022', NULL, NULL, NULL, NULL, NULL, NULL, 'CA', 'Applied', NULL, NULL, '93908', '22CP03703', NULL);
INSERT INTO `app_urlresults` VALUES (1455, '2022-12-17 14:37:49.238748', 17, '19 RING LN', NULL, 'CARMELVALLEY', '12/07/2022', NULL, NULL, NULL, NULL, NULL, NULL, 'CA', 'Submitted via ACA', NULL, NULL, '93924', '22CP03706', NULL);
INSERT INTO `app_urlresults` VALUES (1456, '2022-12-17 14:37:49.287342', 17, '24 UPPER CIRCLE', NULL, 'CARMELVALLEY', '12/06/2022', NULL, NULL, NULL, NULL, NULL, NULL, 'CA', 'Incomplete', NULL, NULL, '93924', '22CP03681', NULL);
INSERT INTO `app_urlresults` VALUES (1457, '2022-12-17 14:37:49.341537', 17, '0 Prestancia CIR', NULL, 'Salinas', '12/05/2022', NULL, NULL, NULL, NULL, NULL, NULL, 'CA', 'Applied', NULL, NULL, '93908', '22CP03676', NULL);
INSERT INTO `app_urlresults` VALUES (1458, '2022-12-17 14:37:49.387648', 17, '17822 PESANTE RD', NULL, 'SALINAS', '12/03/2022', NULL, NULL, NULL, NULL, NULL, NULL, 'CA', 'Applied', NULL, NULL, '93907', '22CP03668', NULL);
INSERT INTO `app_urlresults` VALUES (1459, '2022-12-17 14:37:49.433754', 17, '19322 CREEKSIDE CIR', NULL, 'SALINAS', '12/02/2022', NULL, NULL, NULL, NULL, NULL, NULL, 'CA', 'Applied', NULL, NULL, '93908', '22CP03663', NULL);
INSERT INTO `app_urlresults` VALUES (1460, '2022-12-17 14:37:49.478878', 17, '260 CALLE DE LOS AGRINEMSORS', NULL, 'CARMELVALLEY', '12/01/2022', NULL, NULL, NULL, NULL, NULL, NULL, 'CA', 'Applied', NULL, NULL, '93924', '22CP03654', NULL);
INSERT INTO `app_urlresults` VALUES (1461, '2022-12-17 14:37:51.453936', 43, '9305 OGDEN TRAIL DR', NULL, 'SPARKS', '12/13/2022', '4.8 KW ROOF MOUNT SOLAR PV ARRAY / 12 MODULES / (1) 13.5KW ENERGY STORAGE SYSTEM / NEW 225A LOAD CENTER', NULL, NULL, NULL, 'SOLAR - HUTCHERSON', NULL, 'NV', 'Issued', NULL, NULL, '89441', 'WBLD22-105548', 'HUTCHERSON, SCOTT L & TONI W *');
INSERT INTO `app_urlresults` VALUES (1462, '2022-12-17 14:37:51.688633', 32, '352 ALCATRAZ AVE', NULL, 'Oakland', '12/16/2022', 'PHOTOVOLTAIC - RESIDENTIAL FLUSH ROOF MOUNT, GRID TIED. SYSTEM SIZE: 6.37 kW (DC STC): 19 AC PV MODULES', NULL, NULL, NULL, NULL, NULL, 'CA', 'Created', NULL, NULL, '94618', 'SE2201989', NULL);
INSERT INTO `app_urlresults` VALUES (1463, '2022-12-17 14:37:51.739232', 32, '4115 GILBERT ST', NULL, 'Oakland', '12/16/2022', 'Residential roof-mounted PV system: 6.8kW 17 modules. PROJECT WILL REQUIRE SEPARATE ELECTRICAL PERMIT FOR NEW SUB-PANEL', NULL, NULL, NULL, NULL, NULL, 'CA', 'OTC', NULL, NULL, '94611', 'SE2201988', NULL);
INSERT INTO `app_urlresults` VALUES (1464, '2022-12-17 14:37:51.789842', 32, '601 WALAVISTA AVE', NULL, 'Oakland', '12/16/2022', 'Qty. 8 - REC Solar Model: REC410AA Pure Qty. 8 - Enphase Energy Model: IQ8PLUS-72-2-US [240V] 3.28 kw PROJECT WILL REQUIRE SEPARATE ELECTRICAL PERMIT FOR NEW SERVICE.', NULL, NULL, NULL, NULL, NULL, 'CA', 'OTC', NULL, NULL, '94610', 'SE2201987', NULL);
INSERT INTO `app_urlresults` VALUES (1465, '2022-12-17 14:37:51.841565', 32, '6101 PINEWOOD RD', NULL, 'Oakland', '12/16/2022', 'Qty. 8 - REC Solar Model: REC410AA Pure Qty. 8 - Enphase Energy Model: IQ8PLUS-72-2-US [240V] 3.28 kw OTC', NULL, NULL, NULL, NULL, NULL, 'CA', 'OTC', NULL, NULL, '94611', 'SE2201986', NULL);
INSERT INTO `app_urlresults` VALUES (1466, '2022-12-17 14:37:51.893669', 32, '1472 ALLMAN ST', NULL, 'Oakland', '12/16/2022', 'Qty. 5- REC Solar Model: REC410AA Pure Qty. 5- Enphase Energy Model: IQ7PLUS-72-2-US [240V] 2.05 kw PROJECT WILL REQUIRE SEPARATE ELECTRICAL PERMIT FOR ESS. ESS 20KWH OR LARGER REQUIRE FIRE PREVENTION BUREAU APPROVAL AND INSPECTION.', NULL, NULL, NULL, NULL, NULL, 'CA', 'OTC', NULL, NULL, '94602', 'SE2201985', NULL);
INSERT INTO `app_urlresults` VALUES (1467, '2022-12-17 14:37:51.947293', 32, '1000 LONGRIDGE RD', NULL, 'Oakland', '12/16/2022', 'Install 10.8KW roof mounted PV system 27 modules', NULL, NULL, NULL, NULL, NULL, 'CA', 'On Hold', NULL, NULL, '94610', 'SE2201984', NULL);
INSERT INTO `app_urlresults` VALUES (1468, '2022-12-17 14:37:51.997401', 32, '4342 TERRABELLA WY', NULL, 'Oakland', '12/16/2022', 'Installaton of roof mounted PV system. OTC', NULL, NULL, NULL, NULL, NULL, 'CA', 'OTC', NULL, NULL, '94619', 'SE2201983', NULL);
INSERT INTO `app_urlresults` VALUES (1469, '2022-12-17 14:37:52.054030', 32, '9706 D ST', NULL, 'Oakland', '12/15/2022', 'Residential roof-mounted PV system: 2.88kW 8 modules. PROJECT WILL REQUIRE SEPARATE ELECTRICAL PERMIT FOR NEW SUB-PANEL', NULL, NULL, NULL, NULL, NULL, 'CA', 'OTC', NULL, NULL, '94603', 'SE2201982', NULL);
INSERT INTO `app_urlresults` VALUES (1470, '2022-12-17 14:37:52.109171', 32, '5120 BANCROFT AVE', NULL, 'Oakland', '12/15/2022', 'Residential roof-mounted PV system: 2.88kW 8 modules. OTC', NULL, NULL, NULL, NULL, NULL, 'CA', 'OTC', NULL, NULL, '94601', 'SE2201981', NULL);
INSERT INTO `app_urlresults` VALUES (1471, '2022-12-17 14:37:52.160833', 32, '3707 ATLAS AVE', NULL, 'Oakland', '12/15/2022', 'INSTALLATION OF ROOF-MOUNTED PV SYSTEM - 3.83 KW (9 MODULES). OTC', NULL, NULL, NULL, NULL, NULL, 'CA', 'OTC', NULL, NULL, '94619', 'SE2201980', NULL);
INSERT INTO `app_urlresults` VALUES (1472, '2022-12-17 14:37:52.221655', 32, '6248 CLAREMONT AVE', NULL, 'Oakland', '12/15/2022', 'roof mounted soloar . panles 80. inverters 80. PROJECT WILL REQUIRE SEPARATE ELECTRICAL PERMIT FOR NEW SUB-PANEL', NULL, NULL, NULL, NULL, NULL, 'CA', 'OTC', NULL, NULL, '94618', 'SE2201979', NULL);
INSERT INTO `app_urlresults` VALUES (1473, '2022-12-17 14:37:52.274811', 1, '10080 BARREL RACER DR NA', 'STATON, WILLIAM C & TERRY L ', '  RENO', '12/17/2022', 'SOLAR. ROOF MOUNTED 17 MODULE(S)', NULL, '$35,787.54', NULL, '', NULL, 'NV', 'Accepted', NULL, NULL, '89521', 'BLD23-05949E', NULL);
INSERT INTO `app_urlresults` VALUES (1474, '2022-12-17 14:37:52.280327', 32, '3918 LUSK ST', NULL, 'Oakland', '12/15/2022', 'Provide and install 6.56kW roof mounted PV system on SFD: MODULES: (16) REC REC410AA PURE (410W), INVERTER: (16) ENPHASE IQ8PLUS-72-2-US. OTC', NULL, NULL, NULL, NULL, NULL, 'CA', 'OTC', NULL, NULL, '94608', 'SE2201978', NULL);
INSERT INTO `app_urlresults` VALUES (1475, '2022-12-17 14:37:52.337510', 32, '109 COLGETT DR', NULL, 'Oakland', '12/15/2022', '7.200kw PV system. PROJECT WILL REQUIRE SEPARATE ELECTRICAL PERMIT FOR NEW SERVICE.', NULL, NULL, NULL, NULL, NULL, 'CA', 'OTC', NULL, NULL, '94619', 'SE2201977', NULL);
INSERT INTO `app_urlresults` VALUES (1476, '2022-12-17 14:37:52.344532', 15, '7512 N HIGHGROVE LN', NULL, 'FRESNO', '12/16/2022', 'RENEWABLE SOLAR TO INSTALL 26.86 KW (DC) GRID TIED PV SYSTEM TOTALING (68) CANADIAN SOLAR, INC. #CS3N-395MS [BLK] MODULES WITH (3) SOLAREDGE TECHNOLOGIES #SE7600H-US ENERGY HUB INVERTERS AND (68) SOLAR EDGE TECHNOLOGIES #S440 POWER OPTIMIZERS. THE PV SYSTEM WILL BE ROOF MOUNTED. SOLAR TO ATTACH AN EXISTING SERVICE METER PANEL.', NULL, NULL, NULL, 'Residential Solar', NULL, 'CA', 'Routed for Review', NULL, NULL, '93711', 'B22-18643', NULL);
INSERT INTO `app_urlresults` VALUES (1477, '2022-12-17 14:37:52.403710', 32, '2439 75TH AVE', NULL, 'Oakland', '12/15/2022', 'Rooftop Solar PV Installation. NEW SERVICE PANEL WILL REQUIRE A SEPARATE RE PERMIT.', NULL, NULL, NULL, NULL, NULL, 'CA', 'OTC', NULL, NULL, '94605', 'SE2201976', NULL);
INSERT INTO `app_urlresults` VALUES (1478, '2022-12-17 14:37:52.419253', 15, '1070 S CLOVER AVE', NULL, 'FRESNO', '12/16/2022', 'Roof mounted PV system, 10 modules, 3.90 kWDC.', NULL, NULL, NULL, 'H Bains SFR PV', NULL, 'CA', 'Routed for Review', NULL, NULL, '93727', 'B22-18642', NULL);
INSERT INTO `app_urlresults` VALUES (1479, '2022-12-17 14:37:52.458851', 32, '9525 CASTLEWOOD ST', NULL, 'Oakland', '12/15/2022', 'RESIDENTIAL PV SOLAR, FLUSH ROOF MOUNT, GRID TIED.', NULL, NULL, NULL, NULL, NULL, 'CA', 'OTC', NULL, NULL, '94605', 'SE2201975', NULL);
INSERT INTO `app_urlresults` VALUES (1480, '2022-12-17 14:37:52.483904', 15, '3830 N PEARWOOD AVE', NULL, 'FRESNO', '12/16/2022', 'SFR ROOF MOUNTED PV SYSTEM, COMP, 22 PANELS, 8.03 KW', NULL, NULL, NULL, 'Nadin Benson', NULL, 'CA', 'Routed for Review', NULL, NULL, '93727', 'B22-18641', NULL);
INSERT INTO `app_urlresults` VALUES (1481, '2022-12-17 14:37:52.514984', 32, '7148 HOMEWOOD DR', NULL, 'Oakland', '12/15/2022', 'Installing 12 Panasonic 410 watt rooftop solar panels with Solaredge Optimizers to a Solaredge 600 Inverter interconnected to the residence in an existing 200 amp sub panel wired with 0/3 aluminum from the 200 amp main panel.', NULL, NULL, NULL, NULL, NULL, 'CA', 'OTC', NULL, NULL, '94611', 'SE2201974', NULL);
INSERT INTO `app_urlresults` VALUES (1482, '2022-12-17 14:37:52.544558', 15, '9349 N ASHFORD AVE', NULL, 'FRESNO', '12/16/2022', 'Install a PV System 30 panels, 10.65 kW-DC', NULL, NULL, NULL, 'Solar', NULL, 'CA', 'Routed for Review', NULL, NULL, '93720', 'B22-18637', NULL);
INSERT INTO `app_urlresults` VALUES (1483, '2022-12-17 14:37:52.571122', 32, '971 45TH ST', NULL, 'Oakland', '12/15/2022', 'Rooftop Solar PV Installation', NULL, NULL, NULL, NULL, NULL, 'CA', 'OTC', NULL, NULL, '94608', 'SE2201973', NULL);
INSERT INTO `app_urlresults` VALUES (1484, '2022-12-17 14:37:52.612201', 15, '2336 N CECELIA AVE', NULL, 'FRESNO', '12/16/2022', 'Roof mount solar, roof type: asphalt shingle. 19 Modules - 7.03 kWDC, 1 Solaredge Inverter, 19 Solaredge Optimizers.', NULL, NULL, NULL, 'Christopher Greenman/ Solar Installation', NULL, 'CA', 'Routed for Review', NULL, NULL, '93722', 'B22-18634', NULL);
INSERT INTO `app_urlresults` VALUES (1485, '2022-12-17 14:37:52.630769', 32, '4750 PROCTOR AVE', NULL, 'Oakland', '12/15/2022', 'new 11 Modules roof mounted solar 4.29kWDC 2.6kWAc. ADDITIONAL SUB-PANEL WILL REQUIRE A SEPARATE RE PERMIT.', NULL, NULL, NULL, NULL, NULL, 'CA', 'OTC', NULL, NULL, '94618', 'SE2201972', NULL);
INSERT INTO `app_urlresults` VALUES (1486, '2022-12-17 14:37:52.676384', 15, '3944 E SUSSEX WAY', NULL, 'FRESNO', '12/16/2022', 'SFR ROOF MOUNTED PV SYSTEM, COMP, 19 PANELS, 6.93 KW, W/ MPU', NULL, NULL, NULL, 'Jackie Vargus', NULL, 'CA', 'Routed for Review', NULL, NULL, '93726', 'B22-18631', NULL);
INSERT INTO `app_urlresults` VALUES (1487, '2022-12-17 14:37:52.688413', 32, '1019 BELLA VISTA AVE', NULL, 'Oakland', '12/14/2022', 'INSTALLATION OF ROOF-MOUNTED PV SYSTEM - 7.83 KW (18 MODULES). NEW LOAD CENTER WILL REQUIRE A SEPARATE RE PERMIT.', NULL, NULL, NULL, NULL, NULL, 'CA', 'OTC', NULL, NULL, '94610', 'SE2201971', NULL);
INSERT INTO `app_urlresults` VALUES (1488, '2022-12-17 14:37:52.738064', 15, '2930 E ROBINSON AVE', NULL, 'FRESNO', '12/16/2022', 'SFR ROOF MOUNTED PV SYSTEM, COMP, 55 PANELS, 21.725 KW (N) 225A RATED MAIN SERVICE PANEL (N) 100A DEDICATED LOAD CENTER', NULL, NULL, NULL, 'Freedom Forever LLC', NULL, 'CA', 'Routed for Review', NULL, NULL, '93726', 'B22-18630', NULL);
INSERT INTO `app_urlresults` VALUES (1489, '2022-12-17 14:37:52.744078', 32, '2911 MAGNOLIA ST', NULL, 'Oakland', '12/14/2022', '4.8Kw Roof mount Solar (12) panels', NULL, NULL, NULL, NULL, NULL, 'CA', 'OTC', NULL, NULL, '94608', 'SE2201970', NULL);
INSERT INTO `app_urlresults` VALUES (1490, '2022-12-17 14:37:52.801713', 15, '6162 N BLACKSTONE AVE', NULL, 'FRESNO', '12/16/2022', '3 ARRAY INSTALLATION-ARRAY 3 150 PANELS 64.5 KW New installation of 196.08KW PV system to be roof mounted and interconnected with a load side breaker. Existing 1200A fused main to be Downsized to 700A. (456) 430W Q Cell panels. (4) 43.2KW, (1) 17.3KW inverter.', NULL, NULL, NULL, 'Fresno Dodge Solar B22-18498 MASTER RECORD 3 OF 3', NULL, 'CA', 'Add\'l Info Requested', NULL, NULL, '93710', 'B22-18627', NULL);
INSERT INTO `app_urlresults` VALUES (1491, '2022-12-17 14:37:52.872391', 15, '6162 N BLACKSTONE AVE', NULL, 'FRESNO', '12/16/2022', '3 ARRAY INSTALLATION -2ND ARRAY 156 PANELS 67.08 KW New installation of 196.08KW PV system to be roof mounted and interconnected with a load side breaker. Existing 1200A fused main to be Downsized to 700A. (456) 430W Q Cell panels. (4) 43.2KW, (1) 17.3KW inverter.', NULL, NULL, NULL, 'Fresno Dodge Solar B22-18498 MASTER RECORD 2 OF 3', NULL, 'CA', 'Add\'l Info Requested', NULL, NULL, '93710', 'B22-18626', NULL);
INSERT INTO `app_urlresults` VALUES (1492, '2022-12-17 14:37:52.935066', 15, '219 N GLENN AVE', NULL, 'FRESNO', '12/16/2022', 'Installing (18) roof mounted PV solar modules 7.11KW Main panel upgrade to 125A Bus/100A Main breaker', NULL, NULL, NULL, 'SFR PV / MPU', NULL, 'CA', 'Routed for Review', NULL, NULL, '93701', 'B22-18624', NULL);
INSERT INTO `app_urlresults` VALUES (1493, '2022-12-17 14:37:53.809099', 2, ' 3718 Catamarca Dr ', NULL, 'San Diego', '12/16/2022', 'Standard-Photovoltaic:3718/Catamarca', NULL, NULL, NULL, 'Standard-Photovoltaic:3718/Catamarca', NULL, 'CA', 'In Queue', NULL, NULL, NULL, 'PRJ-1079608', NULL);
INSERT INTO `app_urlresults` VALUES (1494, '2022-12-17 14:37:54.772605', 1, '5336 MOUNTCREST LN NA', 'THOMAS, RYAN T et al ', '  RENO', '12/17/2022', 'SOLAR. ROOF MOUNTED 10 MODULE(S)', NULL, '$23,647.88', NULL, '', NULL, 'NV', 'Accepted', NULL, NULL, '89523', 'BLD23-05950E', NULL);
INSERT INTO `app_urlresults` VALUES (1495, '2022-12-17 14:37:56.175492', 2, ' 6837 Cartwright St ', NULL, 'San Diego', '12/16/2022', 'Standard-Photovoltaic:6837/Cartwright', NULL, NULL, NULL, 'Standard-Photovoltaic:6837/Cartwright', NULL, 'CA', 'In Queue', NULL, NULL, NULL, 'PRJ-1079607', NULL);
INSERT INTO `app_urlresults` VALUES (1496, '2022-12-17 14:37:56.607014', 47, '7301 WASH ISLAND DR', NULL, 'SUN CITY CENTER', '2022-12-16', NULL, NULL, NULL, NULL, '', NULL, 'FL', 'Issued', NULL, NULL, '33573', 'HC-BTR-22-0139100', 'MAURICE CENTENO-SMITH AND ALISHA M GREEN *');
INSERT INTO `app_urlresults` VALUES (1497, '2022-12-17 14:37:56.612532', 41, '218 County Road 291', NULL, 'Tampa', '2022-12-15', NULL, NULL, NULL, NULL, '6718 S Sheridan Rd (ACA)', NULL, 'FL', 'Issued', NULL, NULL, '79606', 'BTR-23-0561846', 'Christopher Wade Allmand *');
INSERT INTO `app_urlresults` VALUES (1498, '2022-12-17 14:37:56.752375', 46, '400 CORAL CREEK DR', NULL, 'PLACIDA', '12/14/2022', 'Installation of PV solar panels on rooftop.', NULL, NULL, NULL, NULL, NULL, 'FL', 'In Review', NULL, NULL, '33946', '20221260332', 'BARRETT ROBERT K');
INSERT INTO `app_urlresults` VALUES (1499, '2022-12-17 14:37:57.135197', 3, '3468 E LAKE DR', NULL, 'O FL', '12/16/2022', 'Install 11.6 kW solar system with 29 roof mounted panels', NULL, '', NULL, 'Webb PV Install', NULL, 'FL', 'Plan Review In Process', NULL, NULL, '34639', 'RESENERGY-2022-002690', 'WEBB CHRISTOPHER CODY & *');
INSERT INTO `app_urlresults` VALUES (1500, '2022-12-17 14:37:57.209842', 1, '2775 SNOW PARTRIDGE DR NA', 'STEWART FAMILY TRUST ', '  RENO', '12/16/2022', 'SOLAR. ROOF MOUNTED 9 MODULE(S)', NULL, '$6,399.00', NULL, '', NULL, 'NV', 'In Plan Review', NULL, NULL, '89523', 'BLD23-05915E', NULL);
INSERT INTO `app_urlresults` VALUES (1501, '2022-12-17 14:37:58.771857', 2, ' 17215 Regalo Ln ', NULL, 'San Diego', '12/16/2022', 'Standard-Photovoltaic:17215/Regalo', NULL, NULL, NULL, 'Standard-Photovoltaic:17215/Regalo', NULL, 'CA', 'In Queue', NULL, NULL, NULL, 'PRJ-1079605', NULL);
INSERT INTO `app_urlresults` VALUES (1502, '2022-12-17 14:37:59.560877', 1, '1038 BLUE LAKES RD NA', 'POOLE, NICOLETTE K ', '  RENO', '12/16/2022', 'SOLAR. ROOF MOUNTED 10 MODULE(S)', NULL, '$7,110.00', NULL, '', NULL, 'NV', 'In Plan Review', NULL, NULL, '89523', 'BLD23-05920E', NULL);
INSERT INTO `app_urlresults` VALUES (1503, '2022-12-17 14:38:01.062351', 2, ' 4742 Lorraine Dr ', NULL, 'San Diego', '12/16/2022', 'Standard-Photovoltaic:4742/Lorraine', NULL, NULL, NULL, 'Standard-Photovoltaic:4742/Lorraine', NULL, 'CA', 'In Queue', NULL, NULL, NULL, 'PRJ-1079596', NULL);
INSERT INTO `app_urlresults` VALUES (1504, '2022-12-17 14:38:02.228763', 1, '404 VENGE CT NA', 'MAYCOCK, DEBORRA B ', '  RENO', '12/16/2022', 'SOLAR. ROOF MOUNTED 12 MODULE(S)', NULL, '$12,000.00', NULL, '', NULL, 'NV', 'In Plan Review', NULL, NULL, '89506', 'BLD23-05932E', NULL);
INSERT INTO `app_urlresults` VALUES (1505, '2022-12-17 14:38:03.489840', 2, ' 4821 West Alder Dr ', NULL, 'San Diego', '12/16/2022', 'Standard-Photovoltaic:4821/West Alder', NULL, NULL, NULL, 'Standard-Photovoltaic:4821/West Alder', NULL, 'CA', 'In Queue', NULL, NULL, NULL, 'PRJ-1079595', NULL);
INSERT INTO `app_urlresults` VALUES (1506, '2022-12-17 14:38:04.482924', 1, '745 MONTGOMERY WAY NA', 'JONES FAMILY TRUST ', '  RENO', '12/16/2022', 'SOLAR. ROOF MOUNTED 33 MODULE(S) SERVICE CHANGE', NULL, '$23,463.00', NULL, '', NULL, 'NV', 'In Plan Review', NULL, NULL, '89506', 'BLD23-05918E', NULL);
INSERT INTO `app_urlresults` VALUES (1507, '2022-12-17 14:38:04.572142', 40, '239 S MARYDELL AV', NULL, 'DELAND', '12/12/2022', 'INSTALL A ROOF MOUNTED SOLAR PV SYSTEM - PRIVATE PROVIDER PLAN REVIEW AND INSPECTIONS', NULL, NULL, NULL, 'PV - NEUBERT', NULL, 'FL', 'Issued Missing NOC', NULL, NULL, '32720', 'BD22-4112', 'NEUBERT JOHN F *');
INSERT INTO `app_urlresults` VALUES (1508, '2022-12-17 14:38:05.638391', 41, '2726 W Spruce St', NULL, 'Tampa', '2022-12-15', NULL, NULL, NULL, NULL, '2726 W Spruce St (ACA)', NULL, 'FL', 'Issued', NULL, NULL, '33607', 'BTR-23-0561849', 'Ruperto Rodriguez And Eustoquia Rosas *');
INSERT INTO `app_urlresults` VALUES (1509, '2022-12-17 14:38:05.705600', 3, '12433 SHADOW RIDGE BLVD', NULL, 'FL', '12/15/2022', 'Install 6.630 KW DC PV Solar Roof Mount System', NULL, '', NULL, 'Delroy Dixon Residence', NULL, 'FL', 'Plan Review In Process', NULL, NULL, '34669', 'RESENERGY-2022-002689', 'DIXON DELROY *');
INSERT INTO `app_urlresults` VALUES (1510, '2022-12-17 14:38:05.795451', 2, ' 8233 San Carlos Dr ', NULL, 'San Diego', '12/16/2022', 'Standard-Photovoltaic:8233/San Carlos', NULL, NULL, NULL, 'Standard-Photovoltaic:8233/San Carlos', NULL, 'CA', 'In Queue', NULL, NULL, NULL, 'PRJ-1079587', NULL);
INSERT INTO `app_urlresults` VALUES (1511, '2022-12-17 14:38:06.737770', 1, '2501 PEQUOP ST NA', 'TUPOU, AFEI & VIKA ', '  RENO', '12/16/2022', 'SOLAR. ROOF MOUNTED 35 MODULE(S) SERVICE CHANGE', NULL, '$35,000.00', NULL, '', NULL, 'NV', 'In Plan Review', NULL, NULL, '89512', 'BLD23-05944E', NULL);
INSERT INTO `app_urlresults` VALUES (1512, '2022-12-17 14:38:06.960871', 47, '13908 SAGE THRASHER LN', NULL, 'RIVERVIEW', '2022-12-16', NULL, NULL, NULL, NULL, '', NULL, 'FL', 'Issued', NULL, NULL, '33579', 'HC-BTR-22-0139117', 'UMAR RAHAMAN ET AL *');
INSERT INTO `app_urlresults` VALUES (1513, '2022-12-17 14:38:08.317185', 2, ' 10998 Lopez Ridge Wy ', NULL, 'San Diego', '12/16/2022', 'Standard-Photovoltaic:10998/Lopez Ridge', NULL, NULL, NULL, 'Standard-Photovoltaic:10998/Lopez Ridge', NULL, 'CA', 'In Queue', NULL, NULL, NULL, 'PRJ-1079581', NULL);
INSERT INTO `app_urlresults` VALUES (1514, '2022-12-17 14:38:09.123536', 1, '1805 ALLEN ST NA', 'JENSEN LIVING TRUST ', '  RENO', '12/16/2022', 'SOLAR. GLASS ROOF. 12 MODULE(S)', NULL, '$14,880.00', NULL, '', NULL, 'NV', 'In Plan Review', NULL, NULL, '89509', 'BLD23-05946E', NULL);
INSERT INTO `app_urlresults` VALUES (1515, '2022-12-17 14:38:10.646401', 2, ' 1263 Koe St ', NULL, 'San Diego', '12/16/2022', 'Standard-Photovoltaic:1263/Koe', NULL, NULL, NULL, 'Standard-Photovoltaic:1263/Koe', NULL, 'CA', 'In Queue', NULL, NULL, NULL, 'PRJ-1079578', NULL);
INSERT INTO `app_urlresults` VALUES (1516, '2022-12-17 14:38:11.461107', 1, '9239 ATOLL DR NA', 'CARTER, TIMOTHY A et al ', '  RENO', '12/16/2022', 'SOLAR. ROOF MOUNTED 16 MODULE(S)', NULL, '$38,683.49', NULL, '', NULL, 'NV', 'In Plan Review', NULL, NULL, '89506', 'BLD23-05921E', NULL);
INSERT INTO `app_urlresults` VALUES (1517, '2022-12-17 14:38:12.937835', 2, ' 11019 Dove Tail Tr ', NULL, 'San Diego', '12/16/2022', 'Standard-Photovoltaic:11019/Dove Tail', NULL, NULL, NULL, 'Standard-Photovoltaic:11019/Dove Tail', NULL, 'CA', 'In Queue', NULL, NULL, NULL, 'PRJ-1079576', NULL);
INSERT INTO `app_urlresults` VALUES (1518, '2022-12-17 14:38:13.417975', 3, '36006 PINE BLUFF LOOP', NULL, 'CITY 33525', '12/15/2022', 'Photovoltaic Solar System Rooftop Installation', NULL, '', NULL, 'Javier Utrera', NULL, 'FL', 'Plan Review In Process', NULL, NULL, '33525', 'RESENERGY-2022-002688', 'UTRERA JAVIER EFREN & ROSAS MAYRA JOSEFINA P *');
INSERT INTO `app_urlresults` VALUES (1519, '2022-12-17 14:38:15.010074', 41, '1209 E Palifox St', NULL, 'Tampa', '2022-12-14', NULL, NULL, NULL, NULL, '1209 E Palifox St (ACA)', NULL, 'FL', 'Issued', NULL, NULL, '33603', 'BTR-23-0561810', 'Santos R Gonzalez *');
INSERT INTO `app_urlresults` VALUES (1520, '2022-12-17 14:38:15.377930', 2, ' 4445 42nd St ', NULL, 'San Diego', '12/16/2022', 'Standard-Photovoltaic:4445/42nd', NULL, NULL, NULL, 'Standard-Photovoltaic:4445/42nd', NULL, 'CA', 'In Queue', NULL, NULL, NULL, 'PRJ-1079568', NULL);
INSERT INTO `app_urlresults` VALUES (1521, '2022-12-17 14:38:16.901392', 47, '201 4TH ST NW', NULL, 'RUSKIN', '2022-12-16', NULL, NULL, NULL, NULL, '', NULL, 'FL', 'Issued', NULL, NULL, '33570', 'HC-BTR-22-0139088', 'GERARDO GARZA *');
INSERT INTO `app_urlresults` VALUES (1522, '2022-12-17 14:38:20.295672', 40, '516 VICTORIA HILLS DR', NULL, 'DELAND', '12/12/2022', '14.40KW ROOF MOUNTED PV SOLAR SYSTEM', NULL, NULL, NULL, '516BARN', NULL, 'FL', 'Awaiting Plans', NULL, NULL, '32724', 'BD22-4114', 'BARNES RITA *');
INSERT INTO `app_urlresults` VALUES (1523, '2022-12-17 14:38:22.692324', 3, '15622 HEARTLEAF CT', NULL, 'O FL', '12/15/2022', 'remove existing solar system in order to re-roof then reinstall the system as orginally installed', NULL, '', NULL, 'Soto - Reinstall', NULL, 'FL', 'Plan Review In Process', NULL, NULL, '34638', 'RESENERGY-2022-002687', 'ORLANDINI CALSEY S & SOTO KENNETH *');
INSERT INTO `app_urlresults` VALUES (1524, '2022-12-17 14:38:30.532420', 3, '1210 WINDING WILLOW DR', NULL, 'FL', '12/15/2022', 'Installing 32 roof mounted solar panels. 32 micro inverters. One 50 Amp lineside tap (11.68 kw).', NULL, '', NULL, 'Calhoun-Solar', NULL, 'FL', 'Plan Review In Process', NULL, NULL, '34655', 'RESENERGY-2022-002686', 'CALHOUN DANIEL M & PATRICIA S *');
INSERT INTO `app_urlresults` VALUES (1525, '2022-12-17 14:38:37.634716', 40, '1098 RIVER FALLS CIR', NULL, 'DELAND', '12/12/2022', 'Installation of photo voltaic solar panels on rooftop', NULL, NULL, NULL, 'Joseph Hernandez', NULL, 'FL', 'Issued Missing NOC', NULL, NULL, '32720', 'BD22-4116', 'AMARO CRISTINA SALLYS *');
INSERT INTO `app_urlresults` VALUES (1526, '2022-12-17 14:38:54.767670', 40, '284 S VIRGINIA AV', NULL, 'DELAND', '12/08/2022', 'Installation of (8) PV solar roof mounted panels (Supply Side Tap)', NULL, NULL, NULL, 'Maria Martinez', NULL, 'FL', 'Issued', NULL, NULL, '32724', 'BD22-4062', 'ACOSTA MARIA T *');
INSERT INTO `app_urlresults` VALUES (1527, '2022-12-17 14:39:11.198029', 40, '479 LADY GRACE PL', NULL, 'DELAND', '12/08/2022', 'INSTALL A ROOF MOUNTED SOLAR PV SYSTEM - PRIVATE PROVIDER PLAN REVIEW AND INSPECTIONS', NULL, NULL, NULL, 'PV - REDEL', NULL, 'FL', 'Issued Missing NOC', NULL, NULL, '32724', 'BD22-4064', 'CIESLAR ANDREAS RUBEN REDEL *');
INSERT INTO `app_urlresults` VALUES (1528, '2022-12-17 14:39:29.099353', 40, '2015 BUCKHANON TR', NULL, 'DELAND', '12/06/2022', 'Installing a new roof mounted PV solar system.', NULL, NULL, NULL, 'Rivetto Solar Project', NULL, 'FL', 'In Review', NULL, NULL, '32720', 'BD22-4037', 'ASHTON ORLANDO RESIDENTIAL LLC *');

-- ----------------------------
-- Table structure for app_urls
-- ----------------------------
DROP TABLE IF EXISTS `app_urls`;
CREATE TABLE `app_urls`  (
  `id` bigint NOT NULL AUTO_INCREMENT,
  `url` longtext CHARACTER SET utf8mb4 COLLATE utf8mb4_0900_ai_ci NOT NULL,
  `description` longtext CHARACTER SET utf8mb4 COLLATE utf8mb4_0900_ai_ci NULL,
  `date_created` datetime(6) NOT NULL,
  `is_active` tinyint(1) NOT NULL,
  PRIMARY KEY (`id`) USING BTREE
) ENGINE = InnoDB AUTO_INCREMENT = 37 CHARACTER SET = utf8mb4 COLLATE = utf8mb4_0900_ai_ci ROW_FORMAT = Dynamic;

-- ----------------------------
-- Records of app_urls
-- ----------------------------
INSERT INTO `app_urls` VALUES (1, 'https://aca-prod.accela.com/ONE/Cap/CapHome.aspx?module=Building&TabName=Building', 'Reno NV', '2022-12-03 09:27:11.072991', 1);
INSERT INTO `app_urls` VALUES (2, 'https://aca-prod.accela.com/SANDIEGO/Cap/CapHome.aspx?module=DSD&TabName=DSD&TabList=Home', 'San Diego', '2022-12-03 13:27:30.602765', 1);
INSERT INTO `app_urls` VALUES (3, 'https://aca-prod.accela.com/PASCO/Cap/CapHome.aspx?module=Building&TabName=Building', 'Pasco County', '2022-12-03 14:44:00.022988', 1);
INSERT INTO `app_urls` VALUES (4, 'https://aca-prod.accela.com/LEXKY/Cap/CapHome.aspx?module=Building&TabName=Building', 'Lexington Ky', '2022-12-03 19:48:22.119323', 1);
INSERT INTO `app_urls` VALUES (5, 'https://aca-prod.accela.com/LJCMG/Cap/GlobalSearchResults.aspx?QueryText=solar', 'Louisville Ky', '2022-12-05 06:10:59.060214', 1);
INSERT INTO `app_urls` VALUES (6, 'https://aca-prod.accela.com/CHESTERFIELD/Cap/GlobalSearchResults.aspx?QueryText=solar', 'Chesterfield County', '2022-12-05 06:39:13.588805', 1);
INSERT INTO `app_urls` VALUES (7, 'https://aca-prod.accela.com/CHESAPEAKE/Cap/GlobalSearchResults.aspx?QueryText=solar', 'Jacksonville County', '2022-12-05 06:45:29.930573', 1);
INSERT INTO `app_urls` VALUES (8, 'https://aca-prod.accela.com/LEONCO/Cap/GlobalSearchResults.aspx?QueryText=solar', 'Tallahassee', '2022-12-05 06:47:47.152163', 1);
INSERT INTO `app_urls` VALUES (9, 'https://aca-prod.accela.com/FTL/Cap/GlobalSearchResults.aspx?QueryText=solar', 'Fort Lauderdale', '2022-12-05 06:57:19.943218', 1);
INSERT INTO `app_urls` VALUES (10, 'https://aca.plantation.org/CitizenAccess/default.aspx', 'Plantation FL', '2022-12-05 07:01:32.788296', 0);
INSERT INTO `app_urls` VALUES (11, 'https://aca-prod.accela.com/PINELLAS/Cap/GlobalSearchResults.aspx?QueryText=solar', 'Pinellas County', '2022-12-05 07:16:16.510099', 1);
INSERT INTO `app_urls` VALUES (12, 'https://accela-aca.fcgov.com/CitizenAccess/Cap/GlobalSearchResults.aspx?QueryText=solar', 'FT Collins', '2022-12-05 07:33:15.939945', 1);
INSERT INTO `app_urls` VALUES (13, 'https://aca-prod.accela.com/PALOALTO/Cap/GlobalSearchResults.aspx?QueryText=solar', 'Palo Alto', '2022-12-06 02:37:22.004744', 1);
INSERT INTO `app_urls` VALUES (14, 'https://citizenportal.slcgov.com/Citizen/Cap/CapHome.aspx?module=Building&TabName=Building', 'SLC', '2022-12-06 08:29:05.871919', 1);
INSERT INTO `app_urls` VALUES (15, 'https://lmsaca.fresno.gov/CitizenAccess/Cap/CapHome.aspx?module=Building&TabName=Building', 'Fresno', '2022-12-06 12:58:42.968408', 1);
INSERT INTO `app_urls` VALUES (16, 'https://aca-prod.accela.com/CLARKCO/Cap/CapHome.aspx?module=Building&TabName=Building', 'Las Vegas', '2022-12-07 06:41:02.090743', 1);
INSERT INTO `app_urls` VALUES (17, 'https://aca-prod.accela.com/MONTEREY/Cap/CapHome.aspx?module=Building&TabName=Building', 'Monterey', '2022-12-07 11:34:16.279431', 1);
INSERT INTO `app_urls` VALUES (18, 'https://aca-prod.accela.com/ALAMEDA/Cap/CapHome.aspx?module=Building&TabName=Building', 'Alameda', '2022-12-08 11:03:19.605679', 1);
INSERT INTO `app_urls` VALUES (19, 'https://ca.columbus.gov/ca/Cap/CapHome.aspx?module=Building&TabName=Building', 'Columbus', '2022-12-08 14:56:40.075105', 1);
INSERT INTO `app_urls` VALUES (20, 'https://aca-prod.accela.com/MENIFEE/Cap/CapHome.aspx?module=Permits&TabName=Permits&TabList=Home', 'Menifee', '2022-12-09 04:00:08.441204', 1);
INSERT INTO `app_urls` VALUES (21, 'https://aca-prod.accela.com/SACRAMENTO/Cap/GlobalSearchResults.aspx?QueryText=solar', 'Sacramento', '2022-12-09 08:01:40.301805', 1);
INSERT INTO `app_urls` VALUES (22, 'https://epermits.cccounty.us/CitizenAccess/Cap/CapHome.aspx?module=Building&TabName=Building', 'Contra Costa County', '2022-12-09 08:20:18.621643', 1);
INSERT INTO `app_urls` VALUES (23, 'https://aca.cityofberkeley.info/CitizenAccess/Cap/GlobalSearchResults.aspx?QueryText=solar', 'Berkley CA', '2022-12-09 11:35:18.161247', 0);
INSERT INTO `app_urls` VALUES (24, 'https://epermit.myclearwater.com/CitizenAccess/Cap/GlobalSearchResults.aspx?QueryText=solar', 'Clearwater FL', '2022-12-09 11:48:02.314568', 1);
INSERT INTO `app_urls` VALUES (25, 'https://aca-prod.accela.com/BERNCO/Cap/CapHome.aspx?module=Building&TabName=Building&TabList=Home', 'Bernalillo County NM', '2022-12-09 11:54:59.920019', 1);
INSERT INTO `app_urls` VALUES (26, 'https://citizenportal.meridiancity.org/CitizenAccess/Cap/CapHome.aspx?module=Dev-Services&TabName=Dev-Services', 'Meridian', '2022-12-11 04:02:36.630470', 1);
INSERT INTO `app_urls` VALUES (27, 'https://aca-prod.accela.com/TOS/Cap/CapHome.aspx?module=Building&TabName=Building', 'Sahuarita AZ', '2022-12-11 17:23:08.000000', 1);
INSERT INTO `app_urls` VALUES (28, 'https://aca-prod.accela.com/QC/Cap/GlobalSearchResults.aspx?QueryText=solar', 'Queen Creek AZ', '2022-12-11 17:40:24.000000', 1);
INSERT INTO `app_urls` VALUES (29, 'https://permits.cityofboise.org/CitizenAccess/Cap/GlobalSearchResults.aspx?QueryText=solar', 'Boise ID', '2022-12-11 22:05:54.000000', 1);
INSERT INTO `app_urls` VALUES (30, 'https://citizenaccess.arapahoegov.com/CitizenAccess/Cap/GlobalSearchResults.aspx?QueryText=solar', 'Arapahoe County CO', '2022-12-11 23:03:04.000000', 1);
INSERT INTO `app_urls` VALUES (31, 'https://accela.maricopa.gov/CitizenAccessMCOSS/Cap/CapHome.aspx?module=PnD&TabName=PnD', 'Maricopa County', '2022-12-13 11:41:35.000000', 1);
INSERT INTO `app_urls` VALUES (32, 'https://aca-prod.accela.com/OAKLAND/Cap/CapHome.aspx?module=Building&TabName=Home', 'Oakland CA', '2022-12-13 13:28:40.000000', 1);
INSERT INTO `app_urls` VALUES (33, 'https://permits.adcogov.org/CitizenAccess/Cap/CapHome.aspx?module=Building&TabName=Building&TabList=HOME%7C0%7CBuilding%7C1%7CPlanning%7C2%7CPermits%7C3%7CEnforcement%7C4%7CContractors%7C5%7CCurrentTabIndex%7C1', 'Denver CO', '2022-12-13 13:54:57.000000', 1);
INSERT INTO `app_urls` VALUES (34, 'https://eportal.galvestontx.gov/CitizenAccess/Cap/GlobalSearchResults.aspx?QueryText=solar', 'GALVESTION TX', '2022-12-13 15:18:59.000000', 1);
INSERT INTO `app_urls` VALUES (35, 'https://aca.cityofchino.org/CitizenAccess/Cap/CapHome.aspx?module=Building&TabName=Building', 'Chino CA', '2022-12-15 16:32:35.000000', 1);
INSERT INTO `app_urls` VALUES (36, 'https://aca-prod.accela.com/MANATEE/Cap/CapHome.aspx?module=Building&TabName=Building', 'Manatee', '2022-12-15 21:44:34.000000', 1);
INSERT INTO `app_urls` VALUES (37, 'https://plus.fairfaxcounty.gov/CitizenAccess/Cap/CapHome.aspx?module=Building&TabName=Building&TabList=Home', 'Fairfax County', '2022-12-15 23:28:42.000000', 1);
INSERT INTO `app_urls` VALUES (38, 'https://aca.sanantonio.gov/CitizenAccess/Cap/CapHome.aspx?module=Building&TabName=Building&TabList=Home%7C0%7CLandDevelopment%7C1%7CBuilding%7C2%7CFire%7C3%7CCurrentTabIndex%7C2', 'San Antonio', '2022-12-16 23:00:48.000000', 1);
INSERT INTO `app_urls` VALUES (39, 'https://aca-prod.accela.com/ATLANTA_GA/Cap/CapHome.aspx?module=Building&TabName=Building', 'Atlanta GA', '2022-12-16 23:52:46.000000', 1);
INSERT INTO `app_urls` VALUES (40, 'https://aca-prod.accela.com/DELAND/Cap/CapHome.aspx?module=Building&TabName=Home', 'Deland FL', '2022-12-17 00:10:46.000000', 1);
INSERT INTO `app_urls` VALUES (41, 'https://aca-prod.accela.com/TAMPA/Cap/GlobalSearchResults.aspx?QueryText=solar', 'Tampa FL', '2022-12-17 00:44:37.000000', 1);
INSERT INTO `app_urls` VALUES (42, 'https://cd.visalia.city/CitizenAccess/Cap/GlobalSearchResults.aspx?QueryText=solar', 'Vicelia', '2022-12-17 07:27:27.000000', 1);
INSERT INTO `app_urls` VALUES (43, 'https://aca-prod.accela.com/ONE/Cap/CapHome.aspx?module=Building&TabName=Building', 'Washoe NV', '2022-12-17 17:48:51.000000', 1);
INSERT INTO `app_urls` VALUES (44, 'https://aca-prod.accela.com//Lancaster/Cap/CapHome.aspx?module=Permits', 'Lancaster CA', '2022-12-17 20:04:16.000000', 1);
INSERT INTO `app_urls` VALUES (45, 'https://aca-prod.accela.com/POLKCO/Cap/CapHome.aspx?module=Building&TabName=Building', 'Polk County FL', '2022-12-17 20:33:59.000000', 1);
INSERT INTO `app_urls` VALUES (46, 'https://secureapps.charlottecountyfl.gov/CitizenAccess/Cap/CapHome.aspx?module=Building&TabName=Building', 'Charlotte County FL', '2022-12-17 21:44:49.000000', 1);
INSERT INTO `app_urls` VALUES (47, 'https://aca-prod.accela.com/HCFL/Cap/GlobalSearchResults.aspx?QueryText=solar#CAPList', 'Hillsborough County FL', '2022-12-17 22:04:15.000000', 1);
INSERT INTO `app_urls` VALUES (48, 'https://epermit.myclearwater.com/CitizenAccess/Cap/GlobalSearchResults.aspx?QueryText=solar', 'Clearwater FL (2)', '2022-12-17 22:14:04.000000', 1);
INSERT INTO `app_urls` VALUES (49, 'https://aca-prod.accela.com/WESTON/Cap/GlobalSearchResults.aspx?QueryText=solar', 'Weston FL', '2022-12-17 22:21:48.000000', 1);
INSERT INTO `app_urls` VALUES (50, 'https://aca-prod.accela.com/PHARR/Cap/GlobalSearchResults.aspx?QueryText=solar', 'Pharr TX', '2022-12-17 22:28:31.000000', 1);

-- ----------------------------
-- Table structure for auth_group
-- ----------------------------
DROP TABLE IF EXISTS `auth_group`;
CREATE TABLE `auth_group`  (
  `id` int NOT NULL AUTO_INCREMENT,
  `name` varchar(150) CHARACTER SET utf8mb4 COLLATE utf8mb4_0900_ai_ci NOT NULL,
  PRIMARY KEY (`id`) USING BTREE,
  UNIQUE INDEX `name`(`name`) USING BTREE
) ENGINE = InnoDB CHARACTER SET = utf8mb4 COLLATE = utf8mb4_0900_ai_ci ROW_FORMAT = Dynamic;

-- ----------------------------
-- Records of auth_group
-- ----------------------------

-- ----------------------------
-- Table structure for auth_group_permissions
-- ----------------------------
DROP TABLE IF EXISTS `auth_group_permissions`;
CREATE TABLE `auth_group_permissions`  (
  `id` bigint NOT NULL AUTO_INCREMENT,
  `group_id` int NOT NULL,
  `permission_id` int NOT NULL,
  PRIMARY KEY (`id`) USING BTREE,
  UNIQUE INDEX `auth_group_permissions_group_id_permission_id_0cd325b0_uniq`(`group_id`, `permission_id`) USING BTREE,
  INDEX `auth_group_permissio_permission_id_84c5c92e_fk_auth_perm`(`permission_id`) USING BTREE,
  CONSTRAINT `auth_group_permissio_permission_id_84c5c92e_fk_auth_perm` FOREIGN KEY (`permission_id`) REFERENCES `auth_permission` (`id`) ON DELETE RESTRICT ON UPDATE RESTRICT,
  CONSTRAINT `auth_group_permissions_group_id_b120cbf9_fk_auth_group_id` FOREIGN KEY (`group_id`) REFERENCES `auth_group` (`id`) ON DELETE RESTRICT ON UPDATE RESTRICT
) ENGINE = InnoDB CHARACTER SET = utf8mb4 COLLATE = utf8mb4_0900_ai_ci ROW_FORMAT = Dynamic;

-- ----------------------------
-- Records of auth_group_permissions
-- ----------------------------

-- ----------------------------
-- Table structure for auth_permission
-- ----------------------------
DROP TABLE IF EXISTS `auth_permission`;
CREATE TABLE `auth_permission`  (
  `id` int NOT NULL AUTO_INCREMENT,
  `name` varchar(255) CHARACTER SET utf8mb4 COLLATE utf8mb4_0900_ai_ci NOT NULL,
  `content_type_id` int NOT NULL,
  `codename` varchar(100) CHARACTER SET utf8mb4 COLLATE utf8mb4_0900_ai_ci NOT NULL,
  PRIMARY KEY (`id`) USING BTREE,
  UNIQUE INDEX `auth_permission_content_type_id_codename_01ab375a_uniq`(`content_type_id`, `codename`) USING BTREE,
  CONSTRAINT `auth_permission_content_type_id_2f476e4b_fk_django_co` FOREIGN KEY (`content_type_id`) REFERENCES `django_content_type` (`id`) ON DELETE RESTRICT ON UPDATE RESTRICT
) ENGINE = InnoDB AUTO_INCREMENT = 32 CHARACTER SET = utf8mb4 COLLATE = utf8mb4_0900_ai_ci ROW_FORMAT = Dynamic;

-- ----------------------------
-- Records of auth_permission
-- ----------------------------
INSERT INTO `auth_permission` VALUES (1, 'Can add log entry', 1, 'add_logentry');
INSERT INTO `auth_permission` VALUES (2, 'Can change log entry', 1, 'change_logentry');
INSERT INTO `auth_permission` VALUES (3, 'Can delete log entry', 1, 'delete_logentry');
INSERT INTO `auth_permission` VALUES (4, 'Can view log entry', 1, 'view_logentry');
INSERT INTO `auth_permission` VALUES (5, 'Can add permission', 2, 'add_permission');
INSERT INTO `auth_permission` VALUES (6, 'Can change permission', 2, 'change_permission');
INSERT INTO `auth_permission` VALUES (7, 'Can delete permission', 2, 'delete_permission');
INSERT INTO `auth_permission` VALUES (8, 'Can view permission', 2, 'view_permission');
INSERT INTO `auth_permission` VALUES (9, 'Can add group', 3, 'add_group');
INSERT INTO `auth_permission` VALUES (10, 'Can change group', 3, 'change_group');
INSERT INTO `auth_permission` VALUES (11, 'Can delete group', 3, 'delete_group');
INSERT INTO `auth_permission` VALUES (12, 'Can view group', 3, 'view_group');
INSERT INTO `auth_permission` VALUES (13, 'Can add user', 4, 'add_user');
INSERT INTO `auth_permission` VALUES (14, 'Can change user', 4, 'change_user');
INSERT INTO `auth_permission` VALUES (15, 'Can delete user', 4, 'delete_user');
INSERT INTO `auth_permission` VALUES (16, 'Can view user', 4, 'view_user');
INSERT INTO `auth_permission` VALUES (17, 'Can add content type', 5, 'add_contenttype');
INSERT INTO `auth_permission` VALUES (18, 'Can change content type', 5, 'change_contenttype');
INSERT INTO `auth_permission` VALUES (19, 'Can delete content type', 5, 'delete_contenttype');
INSERT INTO `auth_permission` VALUES (20, 'Can view content type', 5, 'view_contenttype');
INSERT INTO `auth_permission` VALUES (21, 'Can add session', 6, 'add_session');
INSERT INTO `auth_permission` VALUES (22, 'Can change session', 6, 'change_session');
INSERT INTO `auth_permission` VALUES (23, 'Can delete session', 6, 'delete_session');
INSERT INTO `auth_permission` VALUES (24, 'Can view session', 6, 'view_session');
INSERT INTO `auth_permission` VALUES (25, 'Can add urls', 7, 'add_urls');
INSERT INTO `auth_permission` VALUES (26, 'Can change urls', 7, 'change_urls');
INSERT INTO `auth_permission` VALUES (27, 'Can delete urls', 7, 'delete_urls');
INSERT INTO `auth_permission` VALUES (28, 'Can view urls', 7, 'view_urls');
INSERT INTO `auth_permission` VALUES (29, 'Can add url results', 8, 'add_urlresults');
INSERT INTO `auth_permission` VALUES (30, 'Can change url results', 8, 'change_urlresults');
INSERT INTO `auth_permission` VALUES (31, 'Can delete url results', 8, 'delete_urlresults');
INSERT INTO `auth_permission` VALUES (32, 'Can view url results', 8, 'view_urlresults');

-- ----------------------------
-- Table structure for auth_user
-- ----------------------------
DROP TABLE IF EXISTS `auth_user`;
CREATE TABLE `auth_user`  (
  `id` int NOT NULL AUTO_INCREMENT,
  `password` varchar(128) CHARACTER SET utf8mb4 COLLATE utf8mb4_0900_ai_ci NOT NULL,
  `last_login` datetime(6) NULL DEFAULT NULL,
  `is_superuser` tinyint(1) NOT NULL,
  `username` varchar(150) CHARACTER SET utf8mb4 COLLATE utf8mb4_0900_ai_ci NOT NULL,
  `first_name` varchar(150) CHARACTER SET utf8mb4 COLLATE utf8mb4_0900_ai_ci NOT NULL,
  `last_name` varchar(150) CHARACTER SET utf8mb4 COLLATE utf8mb4_0900_ai_ci NOT NULL,
  `email` varchar(254) CHARACTER SET utf8mb4 COLLATE utf8mb4_0900_ai_ci NOT NULL,
  `is_staff` tinyint(1) NOT NULL,
  `is_active` tinyint(1) NOT NULL,
  `date_joined` datetime(6) NOT NULL,
  PRIMARY KEY (`id`) USING BTREE,
  UNIQUE INDEX `username`(`username`) USING BTREE
) ENGINE = InnoDB CHARACTER SET = utf8mb4 COLLATE = utf8mb4_0900_ai_ci ROW_FORMAT = Dynamic;

-- ----------------------------
-- Records of auth_user
-- ----------------------------

-- ----------------------------
-- Table structure for auth_user_groups
-- ----------------------------
DROP TABLE IF EXISTS `auth_user_groups`;
CREATE TABLE `auth_user_groups`  (
  `id` bigint NOT NULL AUTO_INCREMENT,
  `user_id` int NOT NULL,
  `group_id` int NOT NULL,
  PRIMARY KEY (`id`) USING BTREE,
  UNIQUE INDEX `auth_user_groups_user_id_group_id_94350c0c_uniq`(`user_id`, `group_id`) USING BTREE,
  INDEX `auth_user_groups_group_id_97559544_fk_auth_group_id`(`group_id`) USING BTREE,
  CONSTRAINT `auth_user_groups_group_id_97559544_fk_auth_group_id` FOREIGN KEY (`group_id`) REFERENCES `auth_group` (`id`) ON DELETE RESTRICT ON UPDATE RESTRICT,
  CONSTRAINT `auth_user_groups_user_id_6a12ed8b_fk_auth_user_id` FOREIGN KEY (`user_id`) REFERENCES `auth_user` (`id`) ON DELETE RESTRICT ON UPDATE RESTRICT
) ENGINE = InnoDB CHARACTER SET = utf8mb4 COLLATE = utf8mb4_0900_ai_ci ROW_FORMAT = Dynamic;

-- ----------------------------
-- Records of auth_user_groups
-- ----------------------------

-- ----------------------------
-- Table structure for auth_user_user_permissions
-- ----------------------------
DROP TABLE IF EXISTS `auth_user_user_permissions`;
CREATE TABLE `auth_user_user_permissions`  (
  `id` bigint NOT NULL AUTO_INCREMENT,
  `user_id` int NOT NULL,
  `permission_id` int NOT NULL,
  PRIMARY KEY (`id`) USING BTREE,
  UNIQUE INDEX `auth_user_user_permissions_user_id_permission_id_14a6b632_uniq`(`user_id`, `permission_id`) USING BTREE,
  INDEX `auth_user_user_permi_permission_id_1fbb5f2c_fk_auth_perm`(`permission_id`) USING BTREE,
  CONSTRAINT `auth_user_user_permi_permission_id_1fbb5f2c_fk_auth_perm` FOREIGN KEY (`permission_id`) REFERENCES `auth_permission` (`id`) ON DELETE RESTRICT ON UPDATE RESTRICT,
  CONSTRAINT `auth_user_user_permissions_user_id_a95ead1b_fk_auth_user_id` FOREIGN KEY (`user_id`) REFERENCES `auth_user` (`id`) ON DELETE RESTRICT ON UPDATE RESTRICT
) ENGINE = InnoDB CHARACTER SET = utf8mb4 COLLATE = utf8mb4_0900_ai_ci ROW_FORMAT = Dynamic;

-- ----------------------------
-- Records of auth_user_user_permissions
-- ----------------------------

-- ----------------------------
-- Table structure for django_admin_log
-- ----------------------------
DROP TABLE IF EXISTS `django_admin_log`;
CREATE TABLE `django_admin_log`  (
  `id` int NOT NULL AUTO_INCREMENT,
  `action_time` datetime(6) NOT NULL,
  `object_id` longtext CHARACTER SET utf8mb4 COLLATE utf8mb4_0900_ai_ci NULL,
  `object_repr` varchar(200) CHARACTER SET utf8mb4 COLLATE utf8mb4_0900_ai_ci NOT NULL,
  `action_flag` smallint UNSIGNED NOT NULL,
  `change_message` longtext CHARACTER SET utf8mb4 COLLATE utf8mb4_0900_ai_ci NOT NULL,
  `content_type_id` int NULL DEFAULT NULL,
  `user_id` int NOT NULL,
  PRIMARY KEY (`id`) USING BTREE,
  INDEX `django_admin_log_content_type_id_c4bce8eb_fk_django_co`(`content_type_id`) USING BTREE,
  INDEX `django_admin_log_user_id_c564eba6_fk_auth_user_id`(`user_id`) USING BTREE,
  CONSTRAINT `django_admin_log_content_type_id_c4bce8eb_fk_django_co` FOREIGN KEY (`content_type_id`) REFERENCES `django_content_type` (`id`) ON DELETE RESTRICT ON UPDATE RESTRICT,
  CONSTRAINT `django_admin_log_user_id_c564eba6_fk_auth_user_id` FOREIGN KEY (`user_id`) REFERENCES `auth_user` (`id`) ON DELETE RESTRICT ON UPDATE RESTRICT
) ENGINE = InnoDB CHARACTER SET = utf8mb4 COLLATE = utf8mb4_0900_ai_ci ROW_FORMAT = Dynamic;

-- ----------------------------
-- Records of django_admin_log
-- ----------------------------

-- ----------------------------
-- Table structure for django_content_type
-- ----------------------------
DROP TABLE IF EXISTS `django_content_type`;
CREATE TABLE `django_content_type`  (
  `id` int NOT NULL AUTO_INCREMENT,
  `app_label` varchar(100) CHARACTER SET utf8mb4 COLLATE utf8mb4_0900_ai_ci NOT NULL,
  `model` varchar(100) CHARACTER SET utf8mb4 COLLATE utf8mb4_0900_ai_ci NOT NULL,
  PRIMARY KEY (`id`) USING BTREE,
  UNIQUE INDEX `django_content_type_app_label_model_76bd3d3b_uniq`(`app_label`, `model`) USING BTREE
) ENGINE = InnoDB AUTO_INCREMENT = 8 CHARACTER SET = utf8mb4 COLLATE = utf8mb4_0900_ai_ci ROW_FORMAT = Dynamic;

-- ----------------------------
-- Records of django_content_type
-- ----------------------------
INSERT INTO `django_content_type` VALUES (1, 'admin', 'logentry');
INSERT INTO `django_content_type` VALUES (8, 'app', 'urlresults');
INSERT INTO `django_content_type` VALUES (7, 'app', 'urls');
INSERT INTO `django_content_type` VALUES (3, 'auth', 'group');
INSERT INTO `django_content_type` VALUES (2, 'auth', 'permission');
INSERT INTO `django_content_type` VALUES (4, 'auth', 'user');
INSERT INTO `django_content_type` VALUES (5, 'contenttypes', 'contenttype');
INSERT INTO `django_content_type` VALUES (6, 'sessions', 'session');

-- ----------------------------
-- Table structure for django_migrations
-- ----------------------------
DROP TABLE IF EXISTS `django_migrations`;
CREATE TABLE `django_migrations`  (
  `id` bigint NOT NULL AUTO_INCREMENT,
  `app` varchar(255) CHARACTER SET utf8mb4 COLLATE utf8mb4_0900_ai_ci NOT NULL,
  `name` varchar(255) CHARACTER SET utf8mb4 COLLATE utf8mb4_0900_ai_ci NOT NULL,
  `applied` datetime(6) NOT NULL,
  PRIMARY KEY (`id`) USING BTREE
) ENGINE = InnoDB AUTO_INCREMENT = 29 CHARACTER SET = utf8mb4 COLLATE = utf8mb4_0900_ai_ci ROW_FORMAT = Dynamic;

-- ----------------------------
-- Records of django_migrations
-- ----------------------------
INSERT INTO `django_migrations` VALUES (1, 'contenttypes', '0001_initial', '2022-12-15 08:30:24.824244');
INSERT INTO `django_migrations` VALUES (2, 'auth', '0001_initial', '2022-12-15 08:30:25.070210');
INSERT INTO `django_migrations` VALUES (3, 'admin', '0001_initial', '2022-12-15 08:30:25.188906');
INSERT INTO `django_migrations` VALUES (4, 'admin', '0002_logentry_remove_auto_add', '2022-12-15 08:30:25.194914');
INSERT INTO `django_migrations` VALUES (5, 'admin', '0003_logentry_add_action_flag_choices', '2022-12-15 08:30:25.199455');
INSERT INTO `django_migrations` VALUES (6, 'app', '0001_initial', '2022-12-15 08:30:25.289617');
INSERT INTO `django_migrations` VALUES (7, 'app', '0002_urlresults_remove_results_date_created', '2022-12-15 08:30:25.305639');
INSERT INTO `django_migrations` VALUES (8, 'app', '0003_urlresultsvalue_urlresults_url_delete_results_and_more', '2022-12-15 08:30:25.389282');
INSERT INTO `django_migrations` VALUES (9, 'app', '0004_urlresults_address_urlresults_applicant_and_more', '2022-12-15 08:30:25.565361');
INSERT INTO `django_migrations` VALUES (10, 'app', '0005_remove_urlresultsvalue_attribute_and_more', '2022-12-15 08:30:25.630471');
INSERT INTO `django_migrations` VALUES (11, 'app', '0006_urlresults_record_id', '2022-12-15 08:30:25.640986');
INSERT INTO `django_migrations` VALUES (12, 'app', '0007_alter_urlresults_date', '2022-12-15 08:30:25.687080');
INSERT INTO `django_migrations` VALUES (13, 'app', '0008_urls_is_active', '2022-12-15 08:30:25.704620');
INSERT INTO `django_migrations` VALUES (14, 'app', '0009_alter_urlresults_address_alter_urlresults_applicant_and_more', '2022-12-15 08:30:26.056298');
INSERT INTO `django_migrations` VALUES (15, 'app', '0010_urlresults_owner', '2022-12-15 08:30:26.065834');
INSERT INTO `django_migrations` VALUES (16, 'contenttypes', '0002_remove_content_type_name', '2022-12-15 08:30:26.107429');
INSERT INTO `django_migrations` VALUES (17, 'auth', '0002_alter_permission_name_max_length', '2022-12-15 08:30:26.136976');
INSERT INTO `django_migrations` VALUES (18, 'auth', '0003_alter_user_email_max_length', '2022-12-15 08:30:26.153004');
INSERT INTO `django_migrations` VALUES (19, 'auth', '0004_alter_user_username_opts', '2022-12-15 08:30:26.158509');
INSERT INTO `django_migrations` VALUES (20, 'auth', '0005_alter_user_last_login_null', '2022-12-15 08:30:26.190065');
INSERT INTO `django_migrations` VALUES (21, 'auth', '0006_require_contenttypes_0002', '2022-12-15 08:30:26.192068');
INSERT INTO `django_migrations` VALUES (22, 'auth', '0007_alter_validators_add_error_messages', '2022-12-15 08:30:26.197072');
INSERT INTO `django_migrations` VALUES (23, 'auth', '0008_alter_user_username_max_length', '2022-12-15 08:30:26.231641');
INSERT INTO `django_migrations` VALUES (24, 'auth', '0009_alter_user_last_name_max_length', '2022-12-15 08:30:26.263185');
INSERT INTO `django_migrations` VALUES (25, 'auth', '0010_alter_group_name_max_length', '2022-12-15 08:30:26.275706');
INSERT INTO `django_migrations` VALUES (26, 'auth', '0011_update_proxy_permissions', '2022-12-15 08:30:26.281214');
INSERT INTO `django_migrations` VALUES (27, 'auth', '0012_alter_user_first_name_max_length', '2022-12-15 08:30:26.313271');
INSERT INTO `django_migrations` VALUES (28, 'sessions', '0001_initial', '2022-12-15 08:30:26.333303');

-- ----------------------------
-- Table structure for django_session
-- ----------------------------
DROP TABLE IF EXISTS `django_session`;
CREATE TABLE `django_session`  (
  `session_key` varchar(40) CHARACTER SET utf8mb4 COLLATE utf8mb4_0900_ai_ci NOT NULL,
  `session_data` longtext CHARACTER SET utf8mb4 COLLATE utf8mb4_0900_ai_ci NOT NULL,
  `expire_date` datetime(6) NOT NULL,
  PRIMARY KEY (`session_key`) USING BTREE,
  INDEX `django_session_expire_date_a5c62663`(`expire_date`) USING BTREE
) ENGINE = InnoDB CHARACTER SET = utf8mb4 COLLATE = utf8mb4_0900_ai_ci ROW_FORMAT = Dynamic;

-- ----------------------------
-- Records of django_session
-- ----------------------------

SET FOREIGN_KEY_CHECKS = 1;
